daisy-000001.jpg,daisy
daisy-000002.jpg,daisy
daisy-000003.jpg,daisy
daisy-000004.jpg,daisy
daisy-000005.jpg,daisy
daisy-000006.jpg,daisy
daisy-000007.jpg,daisy
daisy-000008.jpg,daisy
daisy-000009.jpg,daisy
daisy-000010.jpg,daisy
daisy-000011.jpg,daisy
daisy-000012.jpg,daisy
daisy-000013.jpg,daisy
daisy-000014.jpg,daisy
daisy-000015.jpg,daisy
daisy-000016.jpg,daisy
daisy-000017.jpg,daisy
daisy-000018.jpg,daisy
daisy-000019.jpg,daisy
daisy-000020.jpg,daisy
daisy-000021.jpg,daisy
daisy-000022.jpg,daisy
daisy-000023.jpg,daisy
daisy-000024.jpg,daisy
daisy-000025.jpg,daisy
daisy-000026.jpg,daisy
daisy-000027.jpg,daisy
daisy-000028.jpg,daisy
daisy-000029.jpg,daisy
daisy-000030.jpg,daisy
daisy-000031.jpg,daisy
daisy-000032.jpg,daisy
daisy-000033.jpg,daisy
daisy-000034.jpg,daisy
daisy-000035.jpg,daisy
daisy-000036.jpg,daisy
daisy-000037.jpg,daisy
daisy-000038.jpg,daisy
daisy-000039.jpg,daisy
daisy-000040.jpg,daisy
daisy-000041.jpg,daisy
daisy-000042.jpg,daisy
daisy-000043.jpg,daisy
daisy-000044.jpg,daisy
daisy-000045.jpg,daisy
daisy-000046.jpg,daisy
daisy-000047.jpg,daisy
daisy-000048.jpg,daisy
daisy-000049.jpg,daisy
daisy-000050.jpg,daisy
daisy-000051.jpg,daisy
daisy-000052.jpg,daisy
daisy-000053.jpg,daisy
daisy-000054.jpg,daisy
daisy-000055.jpg,daisy
daisy-000056.jpg,daisy
daisy-000057.jpg,daisy
daisy-000058.jpg,daisy
daisy-000059.jpg,daisy
daisy-000060.jpg,daisy
daisy-000061.jpg,daisy
daisy-000062.jpg,daisy
daisy-000063.jpg,daisy
daisy-000064.jpg,daisy
daisy-000065.jpg,daisy
daisy-000066.jpg,daisy
daisy-000067.jpg,daisy
daisy-000068.jpg,daisy
daisy-000069.jpg,daisy
daisy-000070.jpg,daisy
daisy-000071.jpg,daisy
daisy-000072.jpg,daisy
daisy-000073.jpg,daisy
daisy-000074.jpg,daisy
daisy-000075.jpg,daisy
daisy-000076.jpg,daisy
daisy-000077.jpg,daisy
daisy-000078.jpg,daisy
daisy-000079.jpg,daisy
daisy-000080.jpg,daisy
daisy-000081.jpg,daisy
daisy-000082.jpg,daisy
daisy-000083.jpg,daisy
daisy-000084.jpg,daisy
daisy-000085.jpg,daisy
daisy-000086.jpg,daisy
daisy-000087.jpg,daisy
daisy-000088.jpg,daisy
daisy-000089.jpg,daisy
daisy-000090.jpg,daisy
daisy-000091.jpg,daisy
daisy-000092.jpg,daisy
daisy-000093.jpg,daisy
daisy-000094.jpg,daisy
daisy-000095.jpg,daisy
daisy-000096.jpg,daisy
daisy-000097.jpg,daisy
daisy-000098.jpg,daisy
daisy-000099.jpg,daisy
daisy-000100.jpg,daisy
daisy-000101.jpg,daisy
daisy-000102.jpg,daisy
daisy-000103.jpg,daisy
daisy-000104.jpg,daisy
daisy-000105.jpg,daisy
daisy-000106.jpg,daisy
daisy-000107.jpg,daisy
daisy-000108.jpg,daisy
daisy-000109.jpg,daisy
daisy-000110.jpg,daisy
daisy-000111.jpg,daisy
daisy-000112.jpg,daisy
daisy-000113.jpg,daisy
daisy-000114.jpg,daisy
daisy-000115.jpg,daisy
daisy-000116.jpg,daisy
daisy-000117.jpg,daisy
daisy-000118.jpg,daisy
daisy-000119.jpg,daisy
daisy-000120.jpg,daisy
daisy-000121.jpg,daisy
daisy-000122.jpg,daisy
daisy-000123.jpg,daisy
daisy-000124.jpg,daisy
daisy-000125.jpg,daisy
daisy-000126.jpg,daisy
daisy-000127.jpg,daisy
daisy-000128.jpg,daisy
daisy-000129.jpg,daisy
daisy-000130.jpg,daisy
daisy-000131.jpg,daisy
daisy-000132.jpg,daisy
daisy-000133.jpg,daisy
daisy-000134.jpg,daisy
daisy-000135.jpg,daisy
daisy-000136.jpg,daisy
daisy-000137.jpg,daisy
daisy-000138.jpg,daisy
daisy-000139.jpg,daisy
daisy-000140.jpg,daisy
daisy-000141.jpg,daisy
daisy-000142.jpg,daisy
daisy-000143.jpg,daisy
daisy-000144.jpg,daisy
daisy-000145.jpg,daisy
daisy-000146.jpg,daisy
daisy-000147.jpg,daisy
daisy-000148.jpg,daisy
daisy-000149.jpg,daisy
daisy-000150.jpg,daisy
daisy-000151.jpg,daisy
daisy-000152.jpg,daisy
daisy-000153.jpg,daisy
daisy-000154.jpg,daisy
daisy-000155.jpg,daisy
daisy-000156.jpg,daisy
daisy-000157.jpg,daisy
daisy-000158.jpg,daisy
daisy-000159.jpg,daisy
daisy-000160.jpg,daisy
daisy-000161.jpg,daisy
daisy-000162.jpg,daisy
daisy-000163.jpg,daisy
daisy-000164.jpg,daisy
daisy-000165.jpg,daisy
daisy-000166.jpg,daisy
daisy-000167.jpg,daisy
daisy-000168.jpg,daisy
daisy-000169.jpg,daisy
daisy-000170.jpg,daisy
daisy-000171.jpg,daisy
daisy-000172.jpg,daisy
daisy-000173.jpg,daisy
daisy-000174.jpg,daisy
daisy-000175.jpg,daisy
daisy-000176.jpg,daisy
daisy-000177.jpg,daisy
daisy-000178.jpg,daisy
daisy-000179.jpg,daisy
daisy-000180.jpg,daisy
daisy-000181.jpg,daisy
daisy-000182.jpg,daisy
daisy-000183.jpg,daisy
daisy-000184.jpg,daisy
daisy-000185.jpg,daisy
daisy-000186.jpg,daisy
daisy-000187.jpg,daisy
daisy-000188.jpg,daisy
daisy-000189.jpg,daisy
daisy-000190.jpg,daisy
daisy-000191.jpg,daisy
daisy-000192.jpg,daisy
daisy-000193.jpg,daisy
daisy-000194.jpg,daisy
daisy-000195.jpg,daisy
daisy-000196.jpg,daisy
daisy-000197.jpg,daisy
daisy-000198.jpg,daisy
daisy-000199.jpg,daisy
daisy-000200.jpg,daisy
daisy-000201.jpg,daisy
daisy-000202.jpg,daisy
daisy-000203.jpg,daisy
daisy-000204.jpg,daisy
daisy-000205.jpg,daisy
daisy-000206.jpg,daisy
daisy-000207.jpg,daisy
daisy-000208.jpg,daisy
daisy-000209.jpg,daisy
daisy-000210.jpg,daisy
daisy-000211.jpg,daisy
daisy-000212.jpg,daisy
daisy-000213.jpg,daisy
daisy-000214.jpg,daisy
daisy-000215.jpg,daisy
daisy-000216.jpg,daisy
daisy-000217.jpg,daisy
daisy-000218.jpg,daisy
daisy-000219.jpg,daisy
daisy-000220.jpg,daisy
daisy-000221.jpg,daisy
daisy-000222.jpg,daisy
daisy-000223.jpg,daisy
daisy-000224.jpg,daisy
daisy-000225.jpg,daisy
daisy-000226.jpg,daisy
daisy-000227.jpg,daisy
daisy-000228.jpg,daisy
daisy-000229.jpg,daisy
daisy-000230.jpg,daisy
daisy-000231.jpg,daisy
daisy-000232.jpg,daisy
daisy-000233.jpg,daisy
daisy-000234.jpg,daisy
daisy-000235.jpg,daisy
daisy-000236.jpg,daisy
daisy-000237.jpg,daisy
daisy-000238.jpg,daisy
daisy-000239.jpg,daisy
daisy-000240.jpg,daisy
daisy-000241.jpg,daisy
daisy-000242.jpg,daisy
daisy-000243.jpg,daisy
daisy-000244.jpg,daisy
daisy-000245.jpg,daisy
daisy-000246.jpg,daisy
daisy-000247.jpg,daisy
daisy-000248.jpg,daisy
daisy-000249.jpg,daisy
daisy-000250.jpg,daisy
daisy-000251.jpg,daisy
daisy-000252.jpg,daisy
daisy-000253.jpg,daisy
daisy-000254.jpg,daisy
daisy-000255.jpg,daisy
daisy-000256.jpg,daisy
daisy-000257.jpg,daisy
daisy-000258.jpg,daisy
daisy-000259.jpg,daisy
daisy-000260.jpg,daisy
daisy-000261.jpg,daisy
daisy-000262.jpg,daisy
daisy-000263.jpg,daisy
daisy-000264.jpg,daisy
daisy-000265.jpg,daisy
daisy-000266.jpg,daisy
daisy-000267.jpg,daisy
daisy-000268.jpg,daisy
daisy-000269.jpg,daisy
daisy-000270.jpg,daisy
daisy-000271.jpg,daisy
daisy-000272.jpg,daisy
daisy-000273.jpg,daisy
daisy-000274.jpg,daisy
daisy-000275.jpg,daisy
daisy-000276.jpg,daisy
daisy-000277.jpg,daisy
daisy-000278.jpg,daisy
daisy-000279.jpg,daisy
daisy-000280.jpg,daisy
daisy-000281.jpg,daisy
daisy-000282.jpg,daisy
daisy-000283.jpg,daisy
daisy-000284.jpg,daisy
daisy-000285.jpg,daisy
daisy-000286.jpg,daisy
daisy-000287.jpg,daisy
daisy-000288.jpg,daisy
daisy-000289.jpg,daisy
daisy-000290.jpg,daisy
daisy-000291.jpg,daisy
daisy-000292.jpg,daisy
daisy-000293.jpg,daisy
daisy-000294.jpg,daisy
daisy-000295.jpg,daisy
daisy-000296.jpg,daisy
daisy-000297.jpg,daisy
daisy-000298.jpg,daisy
daisy-000299.jpg,daisy
daisy-000300.jpg,daisy
daisy-000301.jpg,daisy
daisy-000302.jpg,daisy
daisy-000303.jpg,daisy
daisy-000304.jpg,daisy
daisy-000305.jpg,daisy
daisy-000306.jpg,daisy
daisy-000307.jpg,daisy
daisy-000308.jpg,daisy
daisy-000309.jpg,daisy
daisy-000310.jpg,daisy
daisy-000311.jpg,daisy
daisy-000312.jpg,daisy
daisy-000313.jpg,daisy
daisy-000314.jpg,daisy
daisy-000315.jpg,daisy
daisy-000316.jpg,daisy
daisy-000317.jpg,daisy
daisy-000318.jpg,daisy
daisy-000319.jpg,daisy
daisy-000320.jpg,daisy
daisy-000321.jpg,daisy
daisy-000322.jpg,daisy
daisy-000323.jpg,daisy
daisy-000324.jpg,daisy
daisy-000325.jpg,daisy
daisy-000326.jpg,daisy
daisy-000327.jpg,daisy
daisy-000328.jpg,daisy
daisy-000329.jpg,daisy
daisy-000330.jpg,daisy
daisy-000331.jpg,daisy
daisy-000332.jpg,daisy
daisy-000333.jpg,daisy
daisy-000334.jpg,daisy
daisy-000335.jpg,daisy
daisy-000336.jpg,daisy
daisy-000337.jpg,daisy
daisy-000338.jpg,daisy
daisy-000339.jpg,daisy
daisy-000340.jpg,daisy
daisy-000341.jpg,daisy
daisy-000342.jpg,daisy
daisy-000343.jpg,daisy
daisy-000344.jpg,daisy
daisy-000345.jpg,daisy
daisy-000346.jpg,daisy
daisy-000347.jpg,daisy
daisy-000348.jpg,daisy
daisy-000349.jpg,daisy
daisy-000350.jpg,daisy
daisy-000351.jpg,daisy
daisy-000352.jpg,daisy
daisy-000353.jpg,daisy
daisy-000354.jpg,daisy
daisy-000355.jpg,daisy
daisy-000356.jpg,daisy
daisy-000357.jpg,daisy
daisy-000358.jpg,daisy
daisy-000359.jpg,daisy
daisy-000360.jpg,daisy
daisy-000361.jpg,daisy
daisy-000362.jpg,daisy
daisy-000363.jpg,daisy
daisy-000364.jpg,daisy
daisy-000365.jpg,daisy
daisy-000366.jpg,daisy
daisy-000367.jpg,daisy
daisy-000368.jpg,daisy
daisy-000369.jpg,daisy
daisy-000370.jpg,daisy
daisy-000371.jpg,daisy
daisy-000372.jpg,daisy
daisy-000373.jpg,daisy
daisy-000374.jpg,daisy
daisy-000375.jpg,daisy
daisy-000376.jpg,daisy
daisy-000377.jpg,daisy
daisy-000378.jpg,daisy
daisy-000379.jpg,daisy
daisy-000380.jpg,daisy
daisy-000381.jpg,daisy
daisy-000382.jpg,daisy
daisy-000383.jpg,daisy
daisy-000384.jpg,daisy
daisy-000385.jpg,daisy
daisy-000386.jpg,daisy
daisy-000387.jpg,daisy
daisy-000388.jpg,daisy
daisy-000389.jpg,daisy
daisy-000390.jpg,daisy
daisy-000391.jpg,daisy
daisy-000392.jpg,daisy
daisy-000393.jpg,daisy
daisy-000394.jpg,daisy
daisy-000395.jpg,daisy
daisy-000396.jpg,daisy
daisy-000397.jpg,daisy
daisy-000398.jpg,daisy
daisy-000399.jpg,daisy
daisy-000400.jpg,daisy
daisy-000401.jpg,daisy
daisy-000402.jpg,daisy
daisy-000403.jpg,daisy
daisy-000404.jpg,daisy
daisy-000405.jpg,daisy
daisy-000406.jpg,daisy
daisy-000407.jpg,daisy
daisy-000408.jpg,daisy
daisy-000409.jpg,daisy
daisy-000410.jpg,daisy
daisy-000411.jpg,daisy
daisy-000412.jpg,daisy
daisy-000413.jpg,daisy
daisy-000414.jpg,daisy
daisy-000415.jpg,daisy
daisy-000416.jpg,daisy
daisy-000417.jpg,daisy
daisy-000418.jpg,daisy
daisy-000419.jpg,daisy
daisy-000420.jpg,daisy
daisy-000421.jpg,daisy
daisy-000422.jpg,daisy
daisy-000423.jpg,daisy
daisy-000424.jpg,daisy
daisy-000425.jpg,daisy
daisy-000426.jpg,daisy
daisy-000427.jpg,daisy
daisy-000428.jpg,daisy
daisy-000429.jpg,daisy
daisy-000430.jpg,daisy
daisy-000431.jpg,daisy
daisy-000432.jpg,daisy
daisy-000433.jpg,daisy
daisy-000434.jpg,daisy
daisy-000435.jpg,daisy
daisy-000436.jpg,daisy
daisy-000437.jpg,daisy
daisy-000438.jpg,daisy
daisy-000439.jpg,daisy
daisy-000440.jpg,daisy
daisy-000441.jpg,daisy
daisy-000442.jpg,daisy
daisy-000443.jpg,daisy
daisy-000444.jpg,daisy
daisy-000445.jpg,daisy
daisy-000446.jpg,daisy
daisy-000447.jpg,daisy
daisy-000448.jpg,daisy
daisy-000449.jpg,daisy
daisy-000450.jpg,daisy
daisy-000451.jpg,daisy
daisy-000452.jpg,daisy
daisy-000453.jpg,daisy
daisy-000454.jpg,daisy
daisy-000455.jpg,daisy
daisy-000456.jpg,daisy
daisy-000457.jpg,daisy
daisy-000458.jpg,daisy
daisy-000459.jpg,daisy
daisy-000460.jpg,daisy
daisy-000461.jpg,daisy
daisy-000462.jpg,daisy
daisy-000463.jpg,daisy
daisy-000464.jpg,daisy
daisy-000465.jpg,daisy
daisy-000466.jpg,daisy
daisy-000467.jpg,daisy
daisy-000468.jpg,daisy
daisy-000469.jpg,daisy
daisy-000470.jpg,daisy
daisy-000471.jpg,daisy
daisy-000472.jpg,daisy
daisy-000473.jpg,daisy
daisy-000474.jpg,daisy
daisy-000475.jpg,daisy
daisy-000476.jpg,daisy
daisy-000477.jpg,daisy
daisy-000478.jpg,daisy
daisy-000479.jpg,daisy
daisy-000480.jpg,daisy
daisy-000481.jpg,daisy
daisy-000482.jpg,daisy
daisy-000483.jpg,daisy
daisy-000484.jpg,daisy
daisy-000485.jpg,daisy
daisy-000486.jpg,daisy
daisy-000487.jpg,daisy
daisy-000488.jpg,daisy
daisy-000489.jpg,daisy
daisy-000490.jpg,daisy
daisy-000491.jpg,daisy
daisy-000492.jpg,daisy
daisy-000493.jpg,daisy
daisy-000494.jpg,daisy
daisy-000495.jpg,daisy
daisy-000496.jpg,daisy
daisy-000497.jpg,daisy
daisy-000498.jpg,daisy
daisy-000499.jpg,daisy
daisy-000500.jpg,daisy
daisy-000501.jpg,daisy
daisy-000502.jpg,daisy
daisy-000503.jpg,daisy
daisy-000504.jpg,daisy
daisy-000505.jpg,daisy
daisy-000506.jpg,daisy
daisy-000507.jpg,daisy
daisy-000508.jpg,daisy
daisy-000509.jpg,daisy
daisy-000510.jpg,daisy
daisy-000511.jpg,daisy
daisy-000512.jpg,daisy
daisy-000513.jpg,daisy
daisy-000514.jpg,daisy
daisy-000515.jpg,daisy
daisy-000516.jpg,daisy
daisy-000517.jpg,daisy
daisy-000518.jpg,daisy
daisy-000519.jpg,daisy
daisy-000520.jpg,daisy
daisy-000521.jpg,daisy
daisy-000522.jpg,daisy
daisy-000523.jpg,daisy
daisy-000524.jpg,daisy
daisy-000525.jpg,daisy
daisy-000526.jpg,daisy
daisy-000527.jpg,daisy
daisy-000528.jpg,daisy
daisy-000529.jpg,daisy
daisy-000530.jpg,daisy
daisy-000531.jpg,daisy
daisy-000532.jpg,daisy
daisy-000533.jpg,daisy
daisy-000534.jpg,daisy
daisy-000535.jpg,daisy
daisy-000536.jpg,daisy
daisy-000537.jpg,daisy
daisy-000538.jpg,daisy
daisy-000539.jpg,daisy
daisy-000540.jpg,daisy
daisy-000541.jpg,daisy
daisy-000542.jpg,daisy
daisy-000543.jpg,daisy
daisy-000544.jpg,daisy
daisy-000545.jpg,daisy
daisy-000546.jpg,daisy
daisy-000547.jpg,daisy
daisy-000548.jpg,daisy
daisy-000549.jpg,daisy
daisy-000550.jpg,daisy
daisy-000551.jpg,daisy
daisy-000552.jpg,daisy
daisy-000553.jpg,daisy
daisy-000554.jpg,daisy
daisy-000555.jpg,daisy
daisy-000556.jpg,daisy
daisy-000557.jpg,daisy
daisy-000558.jpg,daisy
daisy-000559.jpg,daisy
daisy-000560.jpg,daisy
daisy-000561.jpg,daisy
daisy-000562.jpg,daisy
daisy-000563.jpg,daisy
daisy-000564.jpg,daisy
daisy-000565.jpg,daisy
dandelion-000001.jpg,dandelion
dandelion-000002.jpg,dandelion
dandelion-000003.jpg,dandelion
dandelion-000004.jpg,dandelion
dandelion-000005.jpg,dandelion
dandelion-000006.jpg,dandelion
dandelion-000007.jpg,dandelion
dandelion-000008.jpg,dandelion
dandelion-000009.jpg,dandelion
dandelion-000010.jpg,dandelion
dandelion-000011.jpg,dandelion
dandelion-000012.jpg,dandelion
dandelion-000013.jpg,dandelion
dandelion-000014.jpg,dandelion
dandelion-000015.jpg,dandelion
dandelion-000016.jpg,dandelion
dandelion-000017.jpg,dandelion
dandelion-000018.jpg,dandelion
dandelion-000019.jpg,dandelion
dandelion-000020.jpg,dandelion
dandelion-000021.jpg,dandelion
dandelion-000022.jpg,dandelion
dandelion-000023.jpg,dandelion
dandelion-000024.jpg,dandelion
dandelion-000025.jpg,dandelion
dandelion-000026.jpg,dandelion
dandelion-000027.jpg,dandelion
dandelion-000028.jpg,dandelion
dandelion-000029.jpg,dandelion
dandelion-000030.jpg,dandelion
dandelion-000031.jpg,dandelion
dandelion-000032.jpg,dandelion
dandelion-000033.jpg,dandelion
dandelion-000034.jpg,dandelion
dandelion-000035.jpg,dandelion
dandelion-000036.jpg,dandelion
dandelion-000037.jpg,dandelion
dandelion-000038.jpg,dandelion
dandelion-000039.jpg,dandelion
dandelion-000040.jpg,dandelion
dandelion-000041.jpg,dandelion
dandelion-000042.jpg,dandelion
dandelion-000043.jpg,dandelion
dandelion-000044.jpg,dandelion
dandelion-000045.jpg,dandelion
dandelion-000046.jpg,dandelion
dandelion-000047.jpg,dandelion
dandelion-000048.jpg,dandelion
dandelion-000049.jpg,dandelion
dandelion-000050.jpg,dandelion
dandelion-000051.jpg,dandelion
dandelion-000052.jpg,dandelion
dandelion-000053.jpg,dandelion
dandelion-000054.jpg,dandelion
dandelion-000055.jpg,dandelion
dandelion-000056.jpg,dandelion
dandelion-000057.jpg,dandelion
dandelion-000058.jpg,dandelion
dandelion-000059.jpg,dandelion
dandelion-000060.jpg,dandelion
dandelion-000061.jpg,dandelion
dandelion-000062.jpg,dandelion
dandelion-000063.jpg,dandelion
dandelion-000064.jpg,dandelion
dandelion-000065.jpg,dandelion
dandelion-000066.jpg,dandelion
dandelion-000067.jpg,dandelion
dandelion-000068.jpg,dandelion
dandelion-000069.jpg,dandelion
dandelion-000070.jpg,dandelion
dandelion-000071.jpg,dandelion
dandelion-000072.jpg,dandelion
dandelion-000073.jpg,dandelion
dandelion-000074.jpg,dandelion
dandelion-000075.jpg,dandelion
dandelion-000076.jpg,dandelion
dandelion-000077.jpg,dandelion
dandelion-000078.jpg,dandelion
dandelion-000079.jpg,dandelion
dandelion-000080.jpg,dandelion
dandelion-000081.jpg,dandelion
dandelion-000082.jpg,dandelion
dandelion-000083.jpg,dandelion
dandelion-000084.jpg,dandelion
dandelion-000085.jpg,dandelion
dandelion-000086.jpg,dandelion
dandelion-000087.jpg,dandelion
dandelion-000088.jpg,dandelion
dandelion-000089.jpg,dandelion
dandelion-000090.jpg,dandelion
dandelion-000091.jpg,dandelion
dandelion-000092.jpg,dandelion
dandelion-000093.jpg,dandelion
dandelion-000094.jpg,dandelion
dandelion-000095.jpg,dandelion
dandelion-000096.jpg,dandelion
dandelion-000097.jpg,dandelion
dandelion-000098.jpg,dandelion
dandelion-000099.jpg,dandelion
dandelion-000100.jpg,dandelion
dandelion-000101.jpg,dandelion
dandelion-000102.jpg,dandelion
dandelion-000103.jpg,dandelion
dandelion-000104.jpg,dandelion
dandelion-000105.jpg,dandelion
dandelion-000106.jpg,dandelion
dandelion-000107.jpg,dandelion
dandelion-000108.jpg,dandelion
dandelion-000109.jpg,dandelion
dandelion-000110.jpg,dandelion
dandelion-000111.jpg,dandelion
dandelion-000112.jpg,dandelion
dandelion-000113.jpg,dandelion
dandelion-000114.jpg,dandelion
dandelion-000115.jpg,dandelion
dandelion-000116.jpg,dandelion
dandelion-000117.jpg,dandelion
dandelion-000118.jpg,dandelion
dandelion-000119.jpg,dandelion
dandelion-000120.jpg,dandelion
dandelion-000121.jpg,dandelion
dandelion-000122.jpg,dandelion
dandelion-000123.jpg,dandelion
dandelion-000124.jpg,dandelion
dandelion-000125.jpg,dandelion
dandelion-000126.jpg,dandelion
dandelion-000127.jpg,dandelion
dandelion-000128.jpg,dandelion
dandelion-000129.jpg,dandelion
dandelion-000130.jpg,dandelion
dandelion-000131.jpg,dandelion
dandelion-000132.jpg,dandelion
dandelion-000133.jpg,dandelion
dandelion-000134.jpg,dandelion
dandelion-000135.jpg,dandelion
dandelion-000136.jpg,dandelion
dandelion-000137.jpg,dandelion
dandelion-000138.jpg,dandelion
dandelion-000139.jpg,dandelion
dandelion-000140.jpg,dandelion
dandelion-000141.jpg,dandelion
dandelion-000142.jpg,dandelion
dandelion-000143.jpg,dandelion
dandelion-000144.jpg,dandelion
dandelion-000145.jpg,dandelion
dandelion-000146.jpg,dandelion
dandelion-000147.jpg,dandelion
dandelion-000148.jpg,dandelion
dandelion-000149.jpg,dandelion
dandelion-000150.jpg,dandelion
dandelion-000151.jpg,dandelion
dandelion-000152.jpg,dandelion
dandelion-000153.jpg,dandelion
dandelion-000154.jpg,dandelion
dandelion-000155.jpg,dandelion
dandelion-000156.jpg,dandelion
dandelion-000157.jpg,dandelion
dandelion-000158.jpg,dandelion
dandelion-000159.jpg,dandelion
dandelion-000160.jpg,dandelion
dandelion-000161.jpg,dandelion
dandelion-000162.jpg,dandelion
dandelion-000163.jpg,dandelion
dandelion-000164.jpg,dandelion
dandelion-000165.jpg,dandelion
dandelion-000166.jpg,dandelion
dandelion-000167.jpg,dandelion
dandelion-000168.jpg,dandelion
dandelion-000169.jpg,dandelion
dandelion-000170.jpg,dandelion
dandelion-000171.jpg,dandelion
dandelion-000172.jpg,dandelion
dandelion-000173.jpg,dandelion
dandelion-000174.jpg,dandelion
dandelion-000175.jpg,dandelion
dandelion-000176.jpg,dandelion
dandelion-000177.jpg,dandelion
dandelion-000178.jpg,dandelion
dandelion-000179.jpg,dandelion
dandelion-000180.jpg,dandelion
dandelion-000181.jpg,dandelion
dandelion-000182.jpg,dandelion
dandelion-000183.jpg,dandelion
dandelion-000184.jpg,dandelion
dandelion-000185.jpg,dandelion
dandelion-000186.jpg,dandelion
dandelion-000187.jpg,dandelion
dandelion-000188.jpg,dandelion
dandelion-000189.jpg,dandelion
dandelion-000190.jpg,dandelion
dandelion-000191.jpg,dandelion
dandelion-000192.jpg,dandelion
dandelion-000193.jpg,dandelion
dandelion-000194.jpg,dandelion
dandelion-000195.jpg,dandelion
dandelion-000196.jpg,dandelion
dandelion-000197.jpg,dandelion
dandelion-000198.jpg,dandelion
dandelion-000199.jpg,dandelion
dandelion-000200.jpg,dandelion
dandelion-000201.jpg,dandelion
dandelion-000202.jpg,dandelion
dandelion-000203.jpg,dandelion
dandelion-000204.jpg,dandelion
dandelion-000205.jpg,dandelion
dandelion-000206.jpg,dandelion
dandelion-000207.jpg,dandelion
dandelion-000208.jpg,dandelion
dandelion-000209.jpg,dandelion
dandelion-000210.jpg,dandelion
dandelion-000211.jpg,dandelion
dandelion-000212.jpg,dandelion
dandelion-000213.jpg,dandelion
dandelion-000214.jpg,dandelion
dandelion-000215.jpg,dandelion
dandelion-000216.jpg,dandelion
dandelion-000217.jpg,dandelion
dandelion-000218.jpg,dandelion
dandelion-000219.jpg,dandelion
dandelion-000220.jpg,dandelion
dandelion-000221.jpg,dandelion
dandelion-000222.jpg,dandelion
dandelion-000223.jpg,dandelion
dandelion-000224.jpg,dandelion
dandelion-000225.jpg,dandelion
dandelion-000226.jpg,dandelion
dandelion-000227.jpg,dandelion
dandelion-000228.jpg,dandelion
dandelion-000229.jpg,dandelion
dandelion-000230.jpg,dandelion
dandelion-000231.jpg,dandelion
dandelion-000232.jpg,dandelion
dandelion-000233.jpg,dandelion
dandelion-000234.jpg,dandelion
dandelion-000235.jpg,dandelion
dandelion-000236.jpg,dandelion
dandelion-000237.jpg,dandelion
dandelion-000238.jpg,dandelion
dandelion-000239.jpg,dandelion
dandelion-000240.jpg,dandelion
dandelion-000241.jpg,dandelion
dandelion-000242.jpg,dandelion
dandelion-000243.jpg,dandelion
dandelion-000244.jpg,dandelion
dandelion-000245.jpg,dandelion
dandelion-000246.jpg,dandelion
dandelion-000247.jpg,dandelion
dandelion-000248.jpg,dandelion
dandelion-000249.jpg,dandelion
dandelion-000250.jpg,dandelion
dandelion-000251.jpg,dandelion
dandelion-000252.jpg,dandelion
dandelion-000253.jpg,dandelion
dandelion-000254.jpg,dandelion
dandelion-000255.jpg,dandelion
dandelion-000256.jpg,dandelion
dandelion-000257.jpg,dandelion
dandelion-000258.jpg,dandelion
dandelion-000259.jpg,dandelion
dandelion-000260.jpg,dandelion
dandelion-000261.jpg,dandelion
dandelion-000262.jpg,dandelion
dandelion-000263.jpg,dandelion
dandelion-000264.jpg,dandelion
dandelion-000265.jpg,dandelion
dandelion-000266.jpg,dandelion
dandelion-000267.jpg,dandelion
dandelion-000268.jpg,dandelion
dandelion-000269.jpg,dandelion
dandelion-000270.jpg,dandelion
dandelion-000271.jpg,dandelion
dandelion-000272.jpg,dandelion
dandelion-000273.jpg,dandelion
dandelion-000274.jpg,dandelion
dandelion-000275.jpg,dandelion
dandelion-000276.jpg,dandelion
dandelion-000277.jpg,dandelion
dandelion-000278.jpg,dandelion
dandelion-000279.jpg,dandelion
dandelion-000280.jpg,dandelion
dandelion-000281.jpg,dandelion
dandelion-000282.jpg,dandelion
dandelion-000283.jpg,dandelion
dandelion-000284.jpg,dandelion
dandelion-000285.jpg,dandelion
dandelion-000286.jpg,dandelion
dandelion-000287.jpg,dandelion
dandelion-000288.jpg,dandelion
dandelion-000289.jpg,dandelion
dandelion-000290.jpg,dandelion
dandelion-000291.jpg,dandelion
dandelion-000292.jpg,dandelion
dandelion-000293.jpg,dandelion
dandelion-000294.jpg,dandelion
dandelion-000295.jpg,dandelion
dandelion-000296.jpg,dandelion
dandelion-000297.jpg,dandelion
dandelion-000298.jpg,dandelion
dandelion-000299.jpg,dandelion
dandelion-000300.jpg,dandelion
dandelion-000301.jpg,dandelion
dandelion-000302.jpg,dandelion
dandelion-000303.jpg,dandelion
dandelion-000304.jpg,dandelion
dandelion-000305.jpg,dandelion
dandelion-000306.jpg,dandelion
dandelion-000307.jpg,dandelion
dandelion-000308.jpg,dandelion
dandelion-000309.jpg,dandelion
dandelion-000310.jpg,dandelion
dandelion-000311.jpg,dandelion
dandelion-000312.jpg,dandelion
dandelion-000313.jpg,dandelion
dandelion-000314.jpg,dandelion
dandelion-000315.jpg,dandelion
dandelion-000316.jpg,dandelion
dandelion-000317.jpg,dandelion
dandelion-000318.jpg,dandelion
dandelion-000319.jpg,dandelion
dandelion-000320.jpg,dandelion
dandelion-000321.jpg,dandelion
dandelion-000322.jpg,dandelion
dandelion-000323.jpg,dandelion
dandelion-000324.jpg,dandelion
dandelion-000325.jpg,dandelion
dandelion-000326.jpg,dandelion
dandelion-000327.jpg,dandelion
dandelion-000328.jpg,dandelion
dandelion-000329.jpg,dandelion
dandelion-000330.jpg,dandelion
dandelion-000331.jpg,dandelion
dandelion-000332.jpg,dandelion
dandelion-000333.jpg,dandelion
dandelion-000334.jpg,dandelion
dandelion-000335.jpg,dandelion
dandelion-000336.jpg,dandelion
dandelion-000337.jpg,dandelion
dandelion-000338.jpg,dandelion
dandelion-000339.jpg,dandelion
dandelion-000340.jpg,dandelion
dandelion-000341.jpg,dandelion
dandelion-000342.jpg,dandelion
dandelion-000343.jpg,dandelion
dandelion-000344.jpg,dandelion
dandelion-000345.jpg,dandelion
dandelion-000346.jpg,dandelion
dandelion-000347.jpg,dandelion
dandelion-000348.jpg,dandelion
dandelion-000349.jpg,dandelion
dandelion-000350.jpg,dandelion
dandelion-000351.jpg,dandelion
dandelion-000352.jpg,dandelion
dandelion-000353.jpg,dandelion
dandelion-000354.jpg,dandelion
dandelion-000355.jpg,dandelion
dandelion-000356.jpg,dandelion
dandelion-000357.jpg,dandelion
dandelion-000358.jpg,dandelion
dandelion-000359.jpg,dandelion
dandelion-000360.jpg,dandelion
dandelion-000361.jpg,dandelion
dandelion-000362.jpg,dandelion
dandelion-000363.jpg,dandelion
dandelion-000364.jpg,dandelion
dandelion-000365.jpg,dandelion
dandelion-000366.jpg,dandelion
dandelion-000367.jpg,dandelion
dandelion-000368.jpg,dandelion
dandelion-000369.jpg,dandelion
dandelion-000370.jpg,dandelion
dandelion-000371.jpg,dandelion
dandelion-000372.jpg,dandelion
dandelion-000373.jpg,dandelion
dandelion-000374.jpg,dandelion
dandelion-000375.jpg,dandelion
dandelion-000376.jpg,dandelion
dandelion-000377.jpg,dandelion
dandelion-000378.jpg,dandelion
dandelion-000379.jpg,dandelion
dandelion-000380.jpg,dandelion
dandelion-000381.jpg,dandelion
dandelion-000382.jpg,dandelion
dandelion-000383.jpg,dandelion
dandelion-000384.jpg,dandelion
dandelion-000385.jpg,dandelion
dandelion-000386.jpg,dandelion
dandelion-000387.jpg,dandelion
dandelion-000388.jpg,dandelion
dandelion-000389.jpg,dandelion
dandelion-000390.jpg,dandelion
dandelion-000391.jpg,dandelion
dandelion-000392.jpg,dandelion
dandelion-000393.jpg,dandelion
dandelion-000394.jpg,dandelion
dandelion-000395.jpg,dandelion
dandelion-000396.jpg,dandelion
dandelion-000397.jpg,dandelion
dandelion-000398.jpg,dandelion
dandelion-000399.jpg,dandelion
dandelion-000400.jpg,dandelion
dandelion-000401.jpg,dandelion
dandelion-000402.jpg,dandelion
dandelion-000403.jpg,dandelion
dandelion-000404.jpg,dandelion
dandelion-000405.jpg,dandelion
dandelion-000406.jpg,dandelion
dandelion-000407.jpg,dandelion
dandelion-000408.jpg,dandelion
dandelion-000409.jpg,dandelion
dandelion-000410.jpg,dandelion
dandelion-000411.jpg,dandelion
dandelion-000412.jpg,dandelion
dandelion-000413.jpg,dandelion
dandelion-000414.jpg,dandelion
dandelion-000415.jpg,dandelion
dandelion-000416.jpg,dandelion
dandelion-000417.jpg,dandelion
dandelion-000418.jpg,dandelion
dandelion-000419.jpg,dandelion
dandelion-000420.jpg,dandelion
dandelion-000421.jpg,dandelion
dandelion-000422.jpg,dandelion
dandelion-000423.jpg,dandelion
dandelion-000424.jpg,dandelion
dandelion-000425.jpg,dandelion
dandelion-000426.jpg,dandelion
dandelion-000427.jpg,dandelion
dandelion-000428.jpg,dandelion
dandelion-000429.jpg,dandelion
dandelion-000430.jpg,dandelion
dandelion-000431.jpg,dandelion
dandelion-000432.jpg,dandelion
dandelion-000433.jpg,dandelion
dandelion-000434.jpg,dandelion
dandelion-000435.jpg,dandelion
dandelion-000436.jpg,dandelion
dandelion-000437.jpg,dandelion
dandelion-000438.jpg,dandelion
dandelion-000439.jpg,dandelion
dandelion-000440.jpg,dandelion
dandelion-000441.jpg,dandelion
dandelion-000442.jpg,dandelion
dandelion-000443.jpg,dandelion
dandelion-000444.jpg,dandelion
dandelion-000445.jpg,dandelion
dandelion-000446.jpg,dandelion
dandelion-000447.jpg,dandelion
dandelion-000448.jpg,dandelion
dandelion-000449.jpg,dandelion
dandelion-000450.jpg,dandelion
dandelion-000451.jpg,dandelion
dandelion-000452.jpg,dandelion
dandelion-000453.jpg,dandelion
dandelion-000454.jpg,dandelion
dandelion-000455.jpg,dandelion
dandelion-000456.jpg,dandelion
dandelion-000457.jpg,dandelion
dandelion-000458.jpg,dandelion
dandelion-000459.jpg,dandelion
dandelion-000460.jpg,dandelion
dandelion-000461.jpg,dandelion
dandelion-000462.jpg,dandelion
dandelion-000463.jpg,dandelion
dandelion-000464.jpg,dandelion
dandelion-000465.jpg,dandelion
dandelion-000466.jpg,dandelion
dandelion-000467.jpg,dandelion
dandelion-000468.jpg,dandelion
dandelion-000469.jpg,dandelion
dandelion-000470.jpg,dandelion
dandelion-000471.jpg,dandelion
dandelion-000472.jpg,dandelion
dandelion-000473.jpg,dandelion
dandelion-000474.jpg,dandelion
dandelion-000475.jpg,dandelion
dandelion-000476.jpg,dandelion
dandelion-000477.jpg,dandelion
dandelion-000478.jpg,dandelion
dandelion-000479.jpg,dandelion
dandelion-000480.jpg,dandelion
dandelion-000481.jpg,dandelion
dandelion-000482.jpg,dandelion
dandelion-000483.jpg,dandelion
dandelion-000484.jpg,dandelion
dandelion-000485.jpg,dandelion
dandelion-000486.jpg,dandelion
dandelion-000487.jpg,dandelion
dandelion-000488.jpg,dandelion
dandelion-000489.jpg,dandelion
dandelion-000490.jpg,dandelion
dandelion-000491.jpg,dandelion
dandelion-000492.jpg,dandelion
dandelion-000493.jpg,dandelion
dandelion-000494.jpg,dandelion
dandelion-000495.jpg,dandelion
dandelion-000496.jpg,dandelion
dandelion-000497.jpg,dandelion
dandelion-000498.jpg,dandelion
dandelion-000499.jpg,dandelion
dandelion-000500.jpg,dandelion
dandelion-000501.jpg,dandelion
dandelion-000502.jpg,dandelion
dandelion-000503.jpg,dandelion
dandelion-000504.jpg,dandelion
dandelion-000505.jpg,dandelion
dandelion-000506.jpg,dandelion
dandelion-000507.jpg,dandelion
dandelion-000508.jpg,dandelion
dandelion-000509.jpg,dandelion
dandelion-000510.jpg,dandelion
dandelion-000511.jpg,dandelion
dandelion-000512.jpg,dandelion
dandelion-000513.jpg,dandelion
dandelion-000514.jpg,dandelion
dandelion-000515.jpg,dandelion
dandelion-000516.jpg,dandelion
dandelion-000517.jpg,dandelion
dandelion-000518.jpg,dandelion
dandelion-000519.jpg,dandelion
dandelion-000520.jpg,dandelion
dandelion-000521.jpg,dandelion
dandelion-000522.jpg,dandelion
dandelion-000523.jpg,dandelion
dandelion-000524.jpg,dandelion
dandelion-000525.jpg,dandelion
dandelion-000526.jpg,dandelion
dandelion-000527.jpg,dandelion
dandelion-000528.jpg,dandelion
dandelion-000529.jpg,dandelion
dandelion-000530.jpg,dandelion
dandelion-000531.jpg,dandelion
dandelion-000532.jpg,dandelion
dandelion-000533.jpg,dandelion
dandelion-000534.jpg,dandelion
dandelion-000535.jpg,dandelion
dandelion-000536.jpg,dandelion
dandelion-000537.jpg,dandelion
dandelion-000538.jpg,dandelion
dandelion-000539.jpg,dandelion
dandelion-000540.jpg,dandelion
dandelion-000541.jpg,dandelion
dandelion-000542.jpg,dandelion
dandelion-000543.jpg,dandelion
dandelion-000544.jpg,dandelion
dandelion-000545.jpg,dandelion
dandelion-000546.jpg,dandelion
dandelion-000547.jpg,dandelion
dandelion-000548.jpg,dandelion
dandelion-000549.jpg,dandelion
dandelion-000550.jpg,dandelion
dandelion-000551.jpg,dandelion
dandelion-000552.jpg,dandelion
dandelion-000553.jpg,dandelion
dandelion-000554.jpg,dandelion
dandelion-000555.jpg,dandelion
dandelion-000556.jpg,dandelion
dandelion-000557.jpg,dandelion
dandelion-000558.jpg,dandelion
dandelion-000559.jpg,dandelion
dandelion-000560.jpg,dandelion
dandelion-000561.jpg,dandelion
dandelion-000562.jpg,dandelion
dandelion-000563.jpg,dandelion
dandelion-000564.jpg,dandelion
dandelion-000565.jpg,dandelion
dandelion-000566.jpg,dandelion
dandelion-000567.jpg,dandelion
dandelion-000568.jpg,dandelion
dandelion-000569.jpg,dandelion
dandelion-000570.jpg,dandelion
dandelion-000571.jpg,dandelion
dandelion-000572.jpg,dandelion
dandelion-000573.jpg,dandelion
dandelion-000574.jpg,dandelion
dandelion-000575.jpg,dandelion
dandelion-000576.jpg,dandelion
dandelion-000577.jpg,dandelion
dandelion-000578.jpg,dandelion
dandelion-000579.jpg,dandelion
dandelion-000580.jpg,dandelion
dandelion-000581.jpg,dandelion
dandelion-000582.jpg,dandelion
dandelion-000583.jpg,dandelion
dandelion-000584.jpg,dandelion
dandelion-000585.jpg,dandelion
dandelion-000586.jpg,dandelion
dandelion-000587.jpg,dandelion
dandelion-000588.jpg,dandelion
dandelion-000589.jpg,dandelion
dandelion-000590.jpg,dandelion
dandelion-000591.jpg,dandelion
dandelion-000592.jpg,dandelion
dandelion-000593.jpg,dandelion
dandelion-000594.jpg,dandelion
dandelion-000595.jpg,dandelion
dandelion-000596.jpg,dandelion
dandelion-000597.jpg,dandelion
dandelion-000598.jpg,dandelion
dandelion-000599.jpg,dandelion
dandelion-000600.jpg,dandelion
dandelion-000601.jpg,dandelion
dandelion-000602.jpg,dandelion
dandelion-000603.jpg,dandelion
dandelion-000604.jpg,dandelion
dandelion-000605.jpg,dandelion
dandelion-000606.jpg,dandelion
dandelion-000607.jpg,dandelion
dandelion-000608.jpg,dandelion
dandelion-000609.jpg,dandelion
dandelion-000610.jpg,dandelion
dandelion-000611.jpg,dandelion
dandelion-000612.jpg,dandelion
dandelion-000613.jpg,dandelion
dandelion-000614.jpg,dandelion
dandelion-000615.jpg,dandelion
dandelion-000616.jpg,dandelion
dandelion-000617.jpg,dandelion
dandelion-000618.jpg,dandelion
dandelion-000619.jpg,dandelion
dandelion-000620.jpg,dandelion
dandelion-000621.jpg,dandelion
dandelion-000622.jpg,dandelion
dandelion-000623.jpg,dandelion
dandelion-000624.jpg,dandelion
dandelion-000625.jpg,dandelion
dandelion-000626.jpg,dandelion
dandelion-000627.jpg,dandelion
dandelion-000628.jpg,dandelion
dandelion-000629.jpg,dandelion
dandelion-000630.jpg,dandelion
dandelion-000631.jpg,dandelion
dandelion-000632.jpg,dandelion
dandelion-000633.jpg,dandelion
dandelion-000634.jpg,dandelion
dandelion-000635.jpg,dandelion
dandelion-000636.jpg,dandelion
dandelion-000637.jpg,dandelion
dandelion-000638.jpg,dandelion
dandelion-000639.jpg,dandelion
dandelion-000640.jpg,dandelion
dandelion-000641.jpg,dandelion
dandelion-000642.jpg,dandelion
dandelion-000643.jpg,dandelion
dandelion-000644.jpg,dandelion
dandelion-000645.jpg,dandelion
dandelion-000646.jpg,dandelion
dandelion-000647.jpg,dandelion
dandelion-000648.jpg,dandelion
dandelion-000649.jpg,dandelion
dandelion-000650.jpg,dandelion
dandelion-000651.jpg,dandelion
dandelion-000652.jpg,dandelion
dandelion-000653.jpg,dandelion
dandelion-000654.jpg,dandelion
dandelion-000655.jpg,dandelion
dandelion-000656.jpg,dandelion
dandelion-000657.jpg,dandelion
dandelion-000658.jpg,dandelion
dandelion-000659.jpg,dandelion
dandelion-000660.jpg,dandelion
dandelion-000661.jpg,dandelion
dandelion-000662.jpg,dandelion
dandelion-000663.jpg,dandelion
dandelion-000664.jpg,dandelion
dandelion-000665.jpg,dandelion
dandelion-000666.jpg,dandelion
dandelion-000667.jpg,dandelion
dandelion-000668.jpg,dandelion
dandelion-000669.jpg,dandelion
dandelion-000670.jpg,dandelion
dandelion-000671.jpg,dandelion
dandelion-000672.jpg,dandelion
dandelion-000673.jpg,dandelion
dandelion-000674.jpg,dandelion
dandelion-000675.jpg,dandelion
dandelion-000676.jpg,dandelion
dandelion-000677.jpg,dandelion
dandelion-000678.jpg,dandelion
dandelion-000679.jpg,dandelion
dandelion-000680.jpg,dandelion
dandelion-000681.jpg,dandelion
dandelion-000682.jpg,dandelion
dandelion-000683.jpg,dandelion
dandelion-000684.jpg,dandelion
dandelion-000685.jpg,dandelion
dandelion-000686.jpg,dandelion
dandelion-000687.jpg,dandelion
dandelion-000688.jpg,dandelion
dandelion-000689.jpg,dandelion
dandelion-000690.jpg,dandelion
dandelion-000691.jpg,dandelion
dandelion-000692.jpg,dandelion
dandelion-000693.jpg,dandelion
dandelion-000694.jpg,dandelion
dandelion-000695.jpg,dandelion
dandelion-000696.jpg,dandelion
dandelion-000697.jpg,dandelion
dandelion-000698.jpg,dandelion
dandelion-000699.jpg,dandelion
dandelion-000700.jpg,dandelion
dandelion-000701.jpg,dandelion
dandelion-000702.jpg,dandelion
dandelion-000703.jpg,dandelion
dandelion-000704.jpg,dandelion
dandelion-000705.jpg,dandelion
dandelion-000706.jpg,dandelion
dandelion-000707.jpg,dandelion
dandelion-000708.jpg,dandelion
dandelion-000709.jpg,dandelion
dandelion-000710.jpg,dandelion
dandelion-000711.jpg,dandelion
dandelion-000712.jpg,dandelion
dandelion-000713.jpg,dandelion
dandelion-000714.jpg,dandelion
dandelion-000715.jpg,dandelion
dandelion-000716.jpg,dandelion
dandelion-000717.jpg,dandelion
dandelion-000718.jpg,dandelion
dandelion-000719.jpg,dandelion
dandelion-000720.jpg,dandelion
dandelion-000721.jpg,dandelion
dandelion-000722.jpg,dandelion
dandelion-000723.jpg,dandelion
dandelion-000724.jpg,dandelion
dandelion-000725.jpg,dandelion
dandelion-000726.jpg,dandelion
dandelion-000727.jpg,dandelion
dandelion-000728.jpg,dandelion
dandelion-000729.jpg,dandelion
dandelion-000730.jpg,dandelion
dandelion-000731.jpg,dandelion
dandelion-000732.jpg,dandelion
dandelion-000733.jpg,dandelion
dandelion-000734.jpg,dandelion
dandelion-000735.jpg,dandelion
dandelion-000736.jpg,dandelion
dandelion-000737.jpg,dandelion
dandelion-000738.jpg,dandelion
dandelion-000739.jpg,dandelion
dandelion-000740.jpg,dandelion
dandelion-000741.jpg,dandelion
dandelion-000742.jpg,dandelion
dandelion-000743.jpg,dandelion
dandelion-000744.jpg,dandelion
dandelion-000745.jpg,dandelion
dandelion-000746.jpg,dandelion
dandelion-000747.jpg,dandelion
dandelion-000748.jpg,dandelion
dandelion-000749.jpg,dandelion
dandelion-000750.jpg,dandelion
dandelion-000751.jpg,dandelion
dandelion-000752.jpg,dandelion
dandelion-000753.jpg,dandelion
dandelion-000754.jpg,dandelion
dandelion-000755.jpg,dandelion
dandelion-000756.jpg,dandelion
dandelion-000757.jpg,dandelion
dandelion-000758.jpg,dandelion
dandelion-000759.jpg,dandelion
dandelion-000760.jpg,dandelion
dandelion-000761.jpg,dandelion
dandelion-000762.jpg,dandelion
dandelion-000763.jpg,dandelion
dandelion-000764.jpg,dandelion
dandelion-000765.jpg,dandelion
dandelion-000766.jpg,dandelion
dandelion-000767.jpg,dandelion
dandelion-000768.jpg,dandelion
dandelion-000769.jpg,dandelion
dandelion-000770.jpg,dandelion
dandelion-000771.jpg,dandelion
dandelion-000772.jpg,dandelion
dandelion-000773.jpg,dandelion
dandelion-000774.jpg,dandelion
dandelion-000775.jpg,dandelion
dandelion-000776.jpg,dandelion
dandelion-000777.jpg,dandelion
dandelion-000778.jpg,dandelion
dandelion-000779.jpg,dandelion
dandelion-000780.jpg,dandelion
dandelion-000781.jpg,dandelion
dandelion-000782.jpg,dandelion
dandelion-000783.jpg,dandelion
dandelion-000784.jpg,dandelion
dandelion-000785.jpg,dandelion
dandelion-000786.jpg,dandelion
dandelion-000787.jpg,dandelion
dandelion-000788.jpg,dandelion
dandelion-000789.jpg,dandelion
dandelion-000790.jpg,dandelion
dandelion-000791.jpg,dandelion
dandelion-000792.jpg,dandelion
dandelion-000793.jpg,dandelion
dandelion-000794.jpg,dandelion
dandelion-000795.jpg,dandelion
dandelion-000796.jpg,dandelion
dandelion-000797.jpg,dandelion
dandelion-000798.jpg,dandelion
dandelion-000799.jpg,dandelion
dandelion-000800.jpg,dandelion
dandelion-000801.jpg,dandelion
dandelion-000802.jpg,dandelion
dandelion-000803.jpg,dandelion
dandelion-000804.jpg,dandelion
dandelion-000805.jpg,dandelion
dandelion-000806.jpg,dandelion
dandelion-000807.jpg,dandelion
dandelion-000808.jpg,dandelion
dandelion-000809.jpg,dandelion
dandelion-000810.jpg,dandelion
dandelion-000811.jpg,dandelion
labels.csv,labels.csv
label_maker.py,label_maker.py
roses-000001.jpg,roses
roses-000002.jpg,roses
roses-000003.jpg,roses
roses-000004.jpg,roses
roses-000005.jpg,roses
roses-000006.jpg,roses
roses-000007.jpg,roses
roses-000008.jpg,roses
roses-000009.jpg,roses
roses-000010.jpg,roses
roses-000011.jpg,roses
roses-000012.jpg,roses
roses-000013.jpg,roses
roses-000014.jpg,roses
roses-000015.jpg,roses
roses-000016.jpg,roses
roses-000017.jpg,roses
roses-000018.jpg,roses
roses-000019.jpg,roses
roses-000020.jpg,roses
roses-000021.jpg,roses
roses-000022.jpg,roses
roses-000023.jpg,roses
roses-000024.jpg,roses
roses-000025.jpg,roses
roses-000026.jpg,roses
roses-000027.jpg,roses
roses-000028.jpg,roses
roses-000029.jpg,roses
roses-000030.jpg,roses
roses-000031.jpg,roses
roses-000032.jpg,roses
roses-000033.jpg,roses
roses-000034.jpg,roses
roses-000035.jpg,roses
roses-000036.jpg,roses
roses-000037.jpg,roses
roses-000038.jpg,roses
roses-000039.jpg,roses
roses-000040.jpg,roses
roses-000041.jpg,roses
roses-000042.jpg,roses
roses-000043.jpg,roses
roses-000044.jpg,roses
roses-000045.jpg,roses
roses-000046.jpg,roses
roses-000047.jpg,roses
roses-000048.jpg,roses
roses-000049.jpg,roses
roses-000050.jpg,roses
roses-000051.jpg,roses
roses-000052.jpg,roses
roses-000053.jpg,roses
roses-000054.jpg,roses
roses-000055.jpg,roses
roses-000056.jpg,roses
roses-000057.jpg,roses
roses-000058.jpg,roses
roses-000059.jpg,roses
roses-000060.jpg,roses
roses-000061.jpg,roses
roses-000062.jpg,roses
roses-000063.jpg,roses
roses-000064.jpg,roses
roses-000065.jpg,roses
roses-000066.jpg,roses
roses-000067.jpg,roses
roses-000068.jpg,roses
roses-000069.jpg,roses
roses-000070.jpg,roses
roses-000071.jpg,roses
roses-000072.jpg,roses
roses-000073.jpg,roses
roses-000074.jpg,roses
roses-000075.jpg,roses
roses-000076.jpg,roses
roses-000077.jpg,roses
roses-000078.jpg,roses
roses-000079.jpg,roses
roses-000080.jpg,roses
roses-000081.jpg,roses
roses-000082.jpg,roses
roses-000083.jpg,roses
roses-000084.jpg,roses
roses-000085.jpg,roses
roses-000086.jpg,roses
roses-000087.jpg,roses
roses-000088.jpg,roses
roses-000089.jpg,roses
roses-000090.jpg,roses
roses-000091.jpg,roses
roses-000092.jpg,roses
roses-000093.jpg,roses
roses-000094.jpg,roses
roses-000095.jpg,roses
roses-000096.jpg,roses
roses-000097.jpg,roses
roses-000098.jpg,roses
roses-000099.jpg,roses
roses-000100.jpg,roses
roses-000101.jpg,roses
roses-000102.jpg,roses
roses-000103.jpg,roses
roses-000104.jpg,roses
roses-000105.jpg,roses
roses-000106.jpg,roses
roses-000107.jpg,roses
roses-000108.jpg,roses
roses-000109.jpg,roses
roses-000110.jpg,roses
roses-000111.jpg,roses
roses-000112.jpg,roses
roses-000113.jpg,roses
roses-000114.jpg,roses
roses-000115.jpg,roses
roses-000116.jpg,roses
roses-000117.jpg,roses
roses-000118.jpg,roses
roses-000119.jpg,roses
roses-000120.jpg,roses
roses-000121.jpg,roses
roses-000122.jpg,roses
roses-000123.jpg,roses
roses-000124.jpg,roses
roses-000125.jpg,roses
roses-000126.jpg,roses
roses-000127.jpg,roses
roses-000128.jpg,roses
roses-000129.jpg,roses
roses-000130.jpg,roses
roses-000131.jpg,roses
roses-000132.jpg,roses
roses-000133.jpg,roses
roses-000134.jpg,roses
roses-000135.jpg,roses
roses-000136.jpg,roses
roses-000137.jpg,roses
roses-000138.jpg,roses
roses-000139.jpg,roses
roses-000140.jpg,roses
roses-000141.jpg,roses
roses-000142.jpg,roses
roses-000143.jpg,roses
roses-000144.jpg,roses
roses-000145.jpg,roses
roses-000146.jpg,roses
roses-000147.jpg,roses
roses-000148.jpg,roses
roses-000149.jpg,roses
roses-000150.jpg,roses
roses-000151.jpg,roses
roses-000152.jpg,roses
roses-000153.jpg,roses
roses-000154.jpg,roses
roses-000155.jpg,roses
roses-000156.jpg,roses
roses-000157.jpg,roses
roses-000158.jpg,roses
roses-000159.jpg,roses
roses-000160.jpg,roses
roses-000161.jpg,roses
roses-000162.jpg,roses
roses-000163.jpg,roses
roses-000164.jpg,roses
roses-000165.jpg,roses
roses-000166.jpg,roses
roses-000167.jpg,roses
roses-000168.jpg,roses
roses-000169.jpg,roses
roses-000170.jpg,roses
roses-000171.jpg,roses
roses-000172.jpg,roses
roses-000173.jpg,roses
roses-000174.jpg,roses
roses-000175.jpg,roses
roses-000176.jpg,roses
roses-000177.jpg,roses
roses-000178.jpg,roses
roses-000179.jpg,roses
roses-000180.jpg,roses
roses-000181.jpg,roses
roses-000182.jpg,roses
roses-000183.jpg,roses
roses-000184.jpg,roses
roses-000185.jpg,roses
roses-000186.jpg,roses
roses-000187.jpg,roses
roses-000188.jpg,roses
roses-000189.jpg,roses
roses-000190.jpg,roses
roses-000191.jpg,roses
roses-000192.jpg,roses
roses-000193.jpg,roses
roses-000194.jpg,roses
roses-000195.jpg,roses
roses-000196.jpg,roses
roses-000197.jpg,roses
roses-000198.jpg,roses
roses-000199.jpg,roses
roses-000200.jpg,roses
roses-000201.jpg,roses
roses-000202.jpg,roses
roses-000203.jpg,roses
roses-000204.jpg,roses
roses-000205.jpg,roses
roses-000206.jpg,roses
roses-000207.jpg,roses
roses-000208.jpg,roses
roses-000209.jpg,roses
roses-000210.jpg,roses
roses-000211.jpg,roses
roses-000212.jpg,roses
roses-000213.jpg,roses
roses-000214.jpg,roses
roses-000215.jpg,roses
roses-000216.jpg,roses
roses-000217.jpg,roses
roses-000218.jpg,roses
roses-000219.jpg,roses
roses-000220.jpg,roses
roses-000221.jpg,roses
roses-000222.jpg,roses
roses-000223.jpg,roses
roses-000224.jpg,roses
roses-000225.jpg,roses
roses-000226.jpg,roses
roses-000227.jpg,roses
roses-000228.jpg,roses
roses-000229.jpg,roses
roses-000230.jpg,roses
roses-000231.jpg,roses
roses-000232.jpg,roses
roses-000233.jpg,roses
roses-000234.jpg,roses
roses-000235.jpg,roses
roses-000236.jpg,roses
roses-000237.jpg,roses
roses-000238.jpg,roses
roses-000239.jpg,roses
roses-000240.jpg,roses
roses-000241.jpg,roses
roses-000242.jpg,roses
roses-000243.jpg,roses
roses-000244.jpg,roses
roses-000245.jpg,roses
roses-000246.jpg,roses
roses-000247.jpg,roses
roses-000248.jpg,roses
roses-000249.jpg,roses
roses-000250.jpg,roses
roses-000251.jpg,roses
roses-000252.jpg,roses
roses-000253.jpg,roses
roses-000254.jpg,roses
roses-000255.jpg,roses
roses-000256.jpg,roses
roses-000257.jpg,roses
roses-000258.jpg,roses
roses-000259.jpg,roses
roses-000260.jpg,roses
roses-000261.jpg,roses
roses-000262.jpg,roses
roses-000263.jpg,roses
roses-000264.jpg,roses
roses-000265.jpg,roses
roses-000266.jpg,roses
roses-000267.jpg,roses
roses-000268.jpg,roses
roses-000269.jpg,roses
roses-000270.jpg,roses
roses-000271.jpg,roses
roses-000272.jpg,roses
roses-000273.jpg,roses
roses-000274.jpg,roses
roses-000275.jpg,roses
roses-000276.jpg,roses
roses-000277.jpg,roses
roses-000278.jpg,roses
roses-000279.jpg,roses
roses-000280.jpg,roses
roses-000281.jpg,roses
roses-000282.jpg,roses
roses-000283.jpg,roses
roses-000284.jpg,roses
roses-000285.jpg,roses
roses-000286.jpg,roses
roses-000287.jpg,roses
roses-000288.jpg,roses
roses-000289.jpg,roses
roses-000290.jpg,roses
roses-000291.jpg,roses
roses-000292.jpg,roses
roses-000293.jpg,roses
roses-000294.jpg,roses
roses-000295.jpg,roses
roses-000296.jpg,roses
roses-000297.jpg,roses
roses-000298.jpg,roses
roses-000299.jpg,roses
roses-000300.jpg,roses
roses-000301.jpg,roses
roses-000302.jpg,roses
roses-000303.jpg,roses
roses-000304.jpg,roses
roses-000305.jpg,roses
roses-000306.jpg,roses
roses-000307.jpg,roses
roses-000308.jpg,roses
roses-000309.jpg,roses
roses-000310.jpg,roses
roses-000311.jpg,roses
roses-000312.jpg,roses
roses-000313.jpg,roses
roses-000314.jpg,roses
roses-000315.jpg,roses
roses-000316.jpg,roses
roses-000317.jpg,roses
roses-000318.jpg,roses
roses-000319.jpg,roses
roses-000320.jpg,roses
roses-000321.jpg,roses
roses-000322.jpg,roses
roses-000323.jpg,roses
roses-000324.jpg,roses
roses-000325.jpg,roses
roses-000326.jpg,roses
roses-000327.jpg,roses
roses-000328.jpg,roses
roses-000329.jpg,roses
roses-000330.jpg,roses
roses-000331.jpg,roses
roses-000332.jpg,roses
roses-000333.jpg,roses
roses-000334.jpg,roses
roses-000335.jpg,roses
roses-000336.jpg,roses
roses-000337.jpg,roses
roses-000338.jpg,roses
roses-000339.jpg,roses
roses-000340.jpg,roses
roses-000341.jpg,roses
roses-000342.jpg,roses
roses-000343.jpg,roses
roses-000344.jpg,roses
roses-000345.jpg,roses
roses-000346.jpg,roses
roses-000347.jpg,roses
roses-000348.jpg,roses
roses-000349.jpg,roses
roses-000350.jpg,roses
roses-000351.jpg,roses
roses-000352.jpg,roses
roses-000353.jpg,roses
roses-000354.jpg,roses
roses-000355.jpg,roses
roses-000356.jpg,roses
roses-000357.jpg,roses
roses-000358.jpg,roses
roses-000359.jpg,roses
roses-000360.jpg,roses
roses-000361.jpg,roses
roses-000362.jpg,roses
roses-000363.jpg,roses
roses-000364.jpg,roses
roses-000365.jpg,roses
roses-000366.jpg,roses
roses-000367.jpg,roses
roses-000368.jpg,roses
roses-000369.jpg,roses
roses-000370.jpg,roses
roses-000371.jpg,roses
roses-000372.jpg,roses
roses-000373.jpg,roses
roses-000374.jpg,roses
roses-000375.jpg,roses
roses-000376.jpg,roses
roses-000377.jpg,roses
roses-000378.jpg,roses
roses-000379.jpg,roses
roses-000380.jpg,roses
roses-000381.jpg,roses
roses-000382.jpg,roses
roses-000383.jpg,roses
roses-000384.jpg,roses
roses-000385.jpg,roses
roses-000386.jpg,roses
roses-000387.jpg,roses
roses-000388.jpg,roses
roses-000389.jpg,roses
roses-000390.jpg,roses
roses-000391.jpg,roses
roses-000392.jpg,roses
roses-000393.jpg,roses
roses-000394.jpg,roses
roses-000395.jpg,roses
roses-000396.jpg,roses
roses-000397.jpg,roses
roses-000398.jpg,roses
roses-000399.jpg,roses
roses-000400.jpg,roses
roses-000401.jpg,roses
roses-000402.jpg,roses
roses-000403.jpg,roses
roses-000404.jpg,roses
roses-000405.jpg,roses
roses-000406.jpg,roses
roses-000407.jpg,roses
roses-000408.jpg,roses
roses-000409.jpg,roses
roses-000410.jpg,roses
roses-000411.jpg,roses
roses-000412.jpg,roses
roses-000413.jpg,roses
roses-000414.jpg,roses
roses-000415.jpg,roses
roses-000416.jpg,roses
roses-000417.jpg,roses
roses-000418.jpg,roses
roses-000419.jpg,roses
roses-000420.jpg,roses
roses-000421.jpg,roses
roses-000422.jpg,roses
roses-000423.jpg,roses
roses-000424.jpg,roses
roses-000425.jpg,roses
roses-000426.jpg,roses
roses-000427.jpg,roses
roses-000428.jpg,roses
roses-000429.jpg,roses
roses-000430.jpg,roses
roses-000431.jpg,roses
roses-000432.jpg,roses
roses-000433.jpg,roses
roses-000434.jpg,roses
roses-000435.jpg,roses
roses-000436.jpg,roses
roses-000437.jpg,roses
roses-000438.jpg,roses
roses-000439.jpg,roses
roses-000440.jpg,roses
roses-000441.jpg,roses
roses-000442.jpg,roses
roses-000443.jpg,roses
roses-000444.jpg,roses
roses-000445.jpg,roses
roses-000446.jpg,roses
roses-000447.jpg,roses
roses-000448.jpg,roses
roses-000449.jpg,roses
roses-000450.jpg,roses
roses-000451.jpg,roses
roses-000452.jpg,roses
roses-000453.jpg,roses
roses-000454.jpg,roses
roses-000455.jpg,roses
roses-000456.jpg,roses
roses-000457.jpg,roses
roses-000458.jpg,roses
roses-000459.jpg,roses
roses-000460.jpg,roses
roses-000461.jpg,roses
roses-000462.jpg,roses
roses-000463.jpg,roses
roses-000464.jpg,roses
roses-000465.jpg,roses
roses-000466.jpg,roses
roses-000467.jpg,roses
roses-000468.jpg,roses
roses-000469.jpg,roses
roses-000470.jpg,roses
roses-000471.jpg,roses
roses-000472.jpg,roses
roses-000473.jpg,roses
roses-000474.jpg,roses
roses-000475.jpg,roses
roses-000476.jpg,roses
roses-000477.jpg,roses
roses-000478.jpg,roses
roses-000479.jpg,roses
roses-000480.jpg,roses
roses-000481.jpg,roses
roses-000482.jpg,roses
roses-000483.jpg,roses
roses-000484.jpg,roses
roses-000485.jpg,roses
roses-000486.jpg,roses
roses-000487.jpg,roses
roses-000488.jpg,roses
roses-000489.jpg,roses
roses-000490.jpg,roses
roses-000491.jpg,roses
roses-000492.jpg,roses
roses-000493.jpg,roses
roses-000494.jpg,roses
roses-000495.jpg,roses
roses-000496.jpg,roses
roses-000497.jpg,roses
roses-000498.jpg,roses
roses-000499.jpg,roses
roses-000500.jpg,roses
roses-000501.jpg,roses
roses-000502.jpg,roses
roses-000503.jpg,roses
roses-000504.jpg,roses
roses-000505.jpg,roses
roses-000506.jpg,roses
roses-000507.jpg,roses
roses-000508.jpg,roses
roses-000509.jpg,roses
roses-000510.jpg,roses
roses-000511.jpg,roses
roses-000512.jpg,roses
roses-000513.jpg,roses
roses-000514.jpg,roses
roses-000515.jpg,roses
roses-000516.jpg,roses
roses-000517.jpg,roses
roses-000518.jpg,roses
roses-000519.jpg,roses
roses-000520.jpg,roses
roses-000521.jpg,roses
roses-000522.jpg,roses
roses-000523.jpg,roses
roses-000524.jpg,roses
roses-000525.jpg,roses
roses-000526.jpg,roses
roses-000527.jpg,roses
roses-000528.jpg,roses
roses-000529.jpg,roses
roses-000530.jpg,roses
roses-000531.jpg,roses
roses-000532.jpg,roses
roses-000533.jpg,roses
roses-000534.jpg,roses
roses-000535.jpg,roses
roses-000536.jpg,roses
roses-000537.jpg,roses
roses-000538.jpg,roses
roses-000539.jpg,roses
roses-000540.jpg,roses
roses-000541.jpg,roses
roses-000542.jpg,roses
roses-000543.jpg,roses
roses-000544.jpg,roses
roses-000545.jpg,roses
roses-000546.jpg,roses
roses-000547.jpg,roses
roses-000548.jpg,roses
roses-000549.jpg,roses
roses-000550.jpg,roses
roses-000551.jpg,roses
roses-000552.jpg,roses
roses-000553.jpg,roses
roses-000554.jpg,roses
roses-000555.jpg,roses
roses-000556.jpg,roses
roses-000557.jpg,roses
roses-000558.jpg,roses
roses-000559.jpg,roses
roses-000560.jpg,roses
roses-000561.jpg,roses
roses-000562.jpg,roses
roses-000563.jpg,roses
roses-000564.jpg,roses
roses-000565.jpg,roses
roses-000566.jpg,roses
roses-000567.jpg,roses
roses-000568.jpg,roses
roses-000569.jpg,roses
roses-000570.jpg,roses
roses-000571.jpg,roses
roses-000572.jpg,roses
roses-000573.jpg,roses
roses-000574.jpg,roses
roses-000575.jpg,roses
roses-000576.jpg,roses
roses-000577.jpg,roses
roses-000578.jpg,roses
roses-000579.jpg,roses
roses-000580.jpg,roses
roses-000581.jpg,roses
roses-000582.jpg,roses
roses-000583.jpg,roses
roses-000584.jpg,roses
roses-000585.jpg,roses
roses-000586.jpg,roses
roses-000587.jpg,roses
roses-000588.jpg,roses
roses-000589.jpg,roses
roses-000590.jpg,roses
roses-000591.jpg,roses
roses-000592.jpg,roses
roses-000593.jpg,roses
roses-000594.jpg,roses
roses-000595.jpg,roses
roses-000596.jpg,roses
roses-000597.jpg,roses
roses-000598.jpg,roses
roses-000599.jpg,roses
roses-000600.jpg,roses
roses-000601.jpg,roses
roses-000602.jpg,roses
roses-000603.jpg,roses
roses-000604.jpg,roses
roses-000605.jpg,roses
roses-000606.jpg,roses
roses-000607.jpg,roses
roses-000608.jpg,roses
roses-000609.jpg,roses
roses-000610.jpg,roses
roses-000611.jpg,roses
roses-000612.jpg,roses
roses-000613.jpg,roses
roses-000614.jpg,roses
roses-000615.jpg,roses
sunflowers-000001.jpg,sunflowers
sunflowers-000002.jpg,sunflowers
sunflowers-000003.jpg,sunflowers
sunflowers-000004.jpg,sunflowers
sunflowers-000005.jpg,sunflowers
sunflowers-000006.jpg,sunflowers
sunflowers-000007.jpg,sunflowers
sunflowers-000008.jpg,sunflowers
sunflowers-000009.jpg,sunflowers
sunflowers-000010.jpg,sunflowers
sunflowers-000011.jpg,sunflowers
sunflowers-000012.jpg,sunflowers
sunflowers-000013.jpg,sunflowers
sunflowers-000014.jpg,sunflowers
sunflowers-000015.jpg,sunflowers
sunflowers-000016.jpg,sunflowers
sunflowers-000017.jpg,sunflowers
sunflowers-000018.jpg,sunflowers
sunflowers-000019.jpg,sunflowers
sunflowers-000020.jpg,sunflowers
sunflowers-000021.jpg,sunflowers
sunflowers-000022.jpg,sunflowers
sunflowers-000023.jpg,sunflowers
sunflowers-000024.jpg,sunflowers
sunflowers-000025.jpg,sunflowers
sunflowers-000026.jpg,sunflowers
sunflowers-000027.jpg,sunflowers
sunflowers-000028.jpg,sunflowers
sunflowers-000029.jpg,sunflowers
sunflowers-000030.jpg,sunflowers
sunflowers-000031.jpg,sunflowers
sunflowers-000032.jpg,sunflowers
sunflowers-000033.jpg,sunflowers
sunflowers-000034.jpg,sunflowers
sunflowers-000035.jpg,sunflowers
sunflowers-000036.jpg,sunflowers
sunflowers-000037.jpg,sunflowers
sunflowers-000038.jpg,sunflowers
sunflowers-000039.jpg,sunflowers
sunflowers-000040.jpg,sunflowers
sunflowers-000041.jpg,sunflowers
sunflowers-000042.jpg,sunflowers
sunflowers-000043.jpg,sunflowers
sunflowers-000044.jpg,sunflowers
sunflowers-000045.jpg,sunflowers
sunflowers-000046.jpg,sunflowers
sunflowers-000047.jpg,sunflowers
sunflowers-000048.jpg,sunflowers
sunflowers-000049.jpg,sunflowers
sunflowers-000050.jpg,sunflowers
sunflowers-000051.jpg,sunflowers
sunflowers-000052.jpg,sunflowers
sunflowers-000053.jpg,sunflowers
sunflowers-000054.jpg,sunflowers
sunflowers-000055.jpg,sunflowers
sunflowers-000056.jpg,sunflowers
sunflowers-000057.jpg,sunflowers
sunflowers-000058.jpg,sunflowers
sunflowers-000059.jpg,sunflowers
sunflowers-000060.jpg,sunflowers
sunflowers-000061.jpg,sunflowers
sunflowers-000062.jpg,sunflowers
sunflowers-000063.jpg,sunflowers
sunflowers-000064.jpg,sunflowers
sunflowers-000065.jpg,sunflowers
sunflowers-000066.jpg,sunflowers
sunflowers-000067.jpg,sunflowers
sunflowers-000068.jpg,sunflowers
sunflowers-000069.jpg,sunflowers
sunflowers-000070.jpg,sunflowers
sunflowers-000071.jpg,sunflowers
sunflowers-000072.jpg,sunflowers
sunflowers-000073.jpg,sunflowers
sunflowers-000074.jpg,sunflowers
sunflowers-000075.jpg,sunflowers
sunflowers-000076.jpg,sunflowers
sunflowers-000077.jpg,sunflowers
sunflowers-000078.jpg,sunflowers
sunflowers-000079.jpg,sunflowers
sunflowers-000080.jpg,sunflowers
sunflowers-000081.jpg,sunflowers
sunflowers-000082.jpg,sunflowers
sunflowers-000083.jpg,sunflowers
sunflowers-000084.jpg,sunflowers
sunflowers-000085.jpg,sunflowers
sunflowers-000086.jpg,sunflowers
sunflowers-000087.jpg,sunflowers
sunflowers-000088.jpg,sunflowers
sunflowers-000089.jpg,sunflowers
sunflowers-000090.jpg,sunflowers
sunflowers-000091.jpg,sunflowers
sunflowers-000092.jpg,sunflowers
sunflowers-000093.jpg,sunflowers
sunflowers-000094.jpg,sunflowers
sunflowers-000095.jpg,sunflowers
sunflowers-000096.jpg,sunflowers
sunflowers-000097.jpg,sunflowers
sunflowers-000098.jpg,sunflowers
sunflowers-000099.jpg,sunflowers
sunflowers-000100.jpg,sunflowers
sunflowers-000101.jpg,sunflowers
sunflowers-000102.jpg,sunflowers
sunflowers-000103.jpg,sunflowers
sunflowers-000104.jpg,sunflowers
sunflowers-000105.jpg,sunflowers
sunflowers-000106.jpg,sunflowers
sunflowers-000107.jpg,sunflowers
sunflowers-000108.jpg,sunflowers
sunflowers-000109.jpg,sunflowers
sunflowers-000110.jpg,sunflowers
sunflowers-000111.jpg,sunflowers
sunflowers-000112.jpg,sunflowers
sunflowers-000113.jpg,sunflowers
sunflowers-000114.jpg,sunflowers
sunflowers-000115.jpg,sunflowers
sunflowers-000116.jpg,sunflowers
sunflowers-000117.jpg,sunflowers
sunflowers-000118.jpg,sunflowers
sunflowers-000119.jpg,sunflowers
sunflowers-000120.jpg,sunflowers
sunflowers-000121.jpg,sunflowers
sunflowers-000122.jpg,sunflowers
sunflowers-000123.jpg,sunflowers
sunflowers-000124.jpg,sunflowers
sunflowers-000125.jpg,sunflowers
sunflowers-000126.jpg,sunflowers
sunflowers-000127.jpg,sunflowers
sunflowers-000128.jpg,sunflowers
sunflowers-000129.jpg,sunflowers
sunflowers-000130.jpg,sunflowers
sunflowers-000131.jpg,sunflowers
sunflowers-000132.jpg,sunflowers
sunflowers-000133.jpg,sunflowers
sunflowers-000134.jpg,sunflowers
sunflowers-000135.jpg,sunflowers
sunflowers-000136.jpg,sunflowers
sunflowers-000137.jpg,sunflowers
sunflowers-000138.jpg,sunflowers
sunflowers-000139.jpg,sunflowers
sunflowers-000140.jpg,sunflowers
sunflowers-000141.jpg,sunflowers
sunflowers-000142.jpg,sunflowers
sunflowers-000143.jpg,sunflowers
sunflowers-000144.jpg,sunflowers
sunflowers-000145.jpg,sunflowers
sunflowers-000146.jpg,sunflowers
sunflowers-000147.jpg,sunflowers
sunflowers-000148.jpg,sunflowers
sunflowers-000149.jpg,sunflowers
sunflowers-000150.jpg,sunflowers
sunflowers-000151.jpg,sunflowers
sunflowers-000152.jpg,sunflowers
sunflowers-000153.jpg,sunflowers
sunflowers-000154.jpg,sunflowers
sunflowers-000155.jpg,sunflowers
sunflowers-000156.jpg,sunflowers
sunflowers-000157.jpg,sunflowers
sunflowers-000158.jpg,sunflowers
sunflowers-000159.jpg,sunflowers
sunflowers-000160.jpg,sunflowers
sunflowers-000161.jpg,sunflowers
sunflowers-000162.jpg,sunflowers
sunflowers-000163.jpg,sunflowers
sunflowers-000164.jpg,sunflowers
sunflowers-000165.jpg,sunflowers
sunflowers-000166.jpg,sunflowers
sunflowers-000167.jpg,sunflowers
sunflowers-000168.jpg,sunflowers
sunflowers-000169.jpg,sunflowers
sunflowers-000170.jpg,sunflowers
sunflowers-000171.jpg,sunflowers
sunflowers-000172.jpg,sunflowers
sunflowers-000173.jpg,sunflowers
sunflowers-000174.jpg,sunflowers
sunflowers-000175.jpg,sunflowers
sunflowers-000176.jpg,sunflowers
sunflowers-000177.jpg,sunflowers
sunflowers-000178.jpg,sunflowers
sunflowers-000179.jpg,sunflowers
sunflowers-000180.jpg,sunflowers
sunflowers-000181.jpg,sunflowers
sunflowers-000182.jpg,sunflowers
sunflowers-000183.jpg,sunflowers
sunflowers-000184.jpg,sunflowers
sunflowers-000185.jpg,sunflowers
sunflowers-000186.jpg,sunflowers
sunflowers-000187.jpg,sunflowers
sunflowers-000188.jpg,sunflowers
sunflowers-000189.jpg,sunflowers
sunflowers-000190.jpg,sunflowers
sunflowers-000191.jpg,sunflowers
sunflowers-000192.jpg,sunflowers
sunflowers-000193.jpg,sunflowers
sunflowers-000194.jpg,sunflowers
sunflowers-000195.jpg,sunflowers
sunflowers-000196.jpg,sunflowers
sunflowers-000197.jpg,sunflowers
sunflowers-000198.jpg,sunflowers
sunflowers-000199.jpg,sunflowers
sunflowers-000200.jpg,sunflowers
sunflowers-000201.jpg,sunflowers
sunflowers-000202.jpg,sunflowers
sunflowers-000203.jpg,sunflowers
sunflowers-000204.jpg,sunflowers
sunflowers-000205.jpg,sunflowers
sunflowers-000206.jpg,sunflowers
sunflowers-000207.jpg,sunflowers
sunflowers-000208.jpg,sunflowers
sunflowers-000209.jpg,sunflowers
sunflowers-000210.jpg,sunflowers
sunflowers-000211.jpg,sunflowers
sunflowers-000212.jpg,sunflowers
sunflowers-000213.jpg,sunflowers
sunflowers-000214.jpg,sunflowers
sunflowers-000215.jpg,sunflowers
sunflowers-000216.jpg,sunflowers
sunflowers-000217.jpg,sunflowers
sunflowers-000218.jpg,sunflowers
sunflowers-000219.jpg,sunflowers
sunflowers-000220.jpg,sunflowers
sunflowers-000221.jpg,sunflowers
sunflowers-000222.jpg,sunflowers
sunflowers-000223.jpg,sunflowers
sunflowers-000224.jpg,sunflowers
sunflowers-000225.jpg,sunflowers
sunflowers-000226.jpg,sunflowers
sunflowers-000227.jpg,sunflowers
sunflowers-000228.jpg,sunflowers
sunflowers-000229.jpg,sunflowers
sunflowers-000230.jpg,sunflowers
sunflowers-000231.jpg,sunflowers
sunflowers-000232.jpg,sunflowers
sunflowers-000233.jpg,sunflowers
sunflowers-000234.jpg,sunflowers
sunflowers-000235.jpg,sunflowers
sunflowers-000236.jpg,sunflowers
sunflowers-000237.jpg,sunflowers
sunflowers-000238.jpg,sunflowers
sunflowers-000239.jpg,sunflowers
sunflowers-000240.jpg,sunflowers
sunflowers-000241.jpg,sunflowers
sunflowers-000242.jpg,sunflowers
sunflowers-000243.jpg,sunflowers
sunflowers-000244.jpg,sunflowers
sunflowers-000245.jpg,sunflowers
sunflowers-000246.jpg,sunflowers
sunflowers-000247.jpg,sunflowers
sunflowers-000248.jpg,sunflowers
sunflowers-000249.jpg,sunflowers
sunflowers-000250.jpg,sunflowers
sunflowers-000251.jpg,sunflowers
sunflowers-000252.jpg,sunflowers
sunflowers-000253.jpg,sunflowers
sunflowers-000254.jpg,sunflowers
sunflowers-000255.jpg,sunflowers
sunflowers-000256.jpg,sunflowers
sunflowers-000257.jpg,sunflowers
sunflowers-000258.jpg,sunflowers
sunflowers-000259.jpg,sunflowers
sunflowers-000260.jpg,sunflowers
sunflowers-000261.jpg,sunflowers
sunflowers-000262.jpg,sunflowers
sunflowers-000263.jpg,sunflowers
sunflowers-000264.jpg,sunflowers
sunflowers-000265.jpg,sunflowers
sunflowers-000266.jpg,sunflowers
sunflowers-000267.jpg,sunflowers
sunflowers-000268.jpg,sunflowers
sunflowers-000269.jpg,sunflowers
sunflowers-000270.jpg,sunflowers
sunflowers-000271.jpg,sunflowers
sunflowers-000272.jpg,sunflowers
sunflowers-000273.jpg,sunflowers
sunflowers-000274.jpg,sunflowers
sunflowers-000275.jpg,sunflowers
sunflowers-000276.jpg,sunflowers
sunflowers-000277.jpg,sunflowers
sunflowers-000278.jpg,sunflowers
sunflowers-000279.jpg,sunflowers
sunflowers-000280.jpg,sunflowers
sunflowers-000281.jpg,sunflowers
sunflowers-000282.jpg,sunflowers
sunflowers-000283.jpg,sunflowers
sunflowers-000284.jpg,sunflowers
sunflowers-000285.jpg,sunflowers
sunflowers-000286.jpg,sunflowers
sunflowers-000287.jpg,sunflowers
sunflowers-000288.jpg,sunflowers
sunflowers-000289.jpg,sunflowers
sunflowers-000290.jpg,sunflowers
sunflowers-000291.jpg,sunflowers
sunflowers-000292.jpg,sunflowers
sunflowers-000293.jpg,sunflowers
sunflowers-000294.jpg,sunflowers
sunflowers-000295.jpg,sunflowers
sunflowers-000296.jpg,sunflowers
sunflowers-000297.jpg,sunflowers
sunflowers-000298.jpg,sunflowers
sunflowers-000299.jpg,sunflowers
sunflowers-000300.jpg,sunflowers
sunflowers-000301.jpg,sunflowers
sunflowers-000302.jpg,sunflowers
sunflowers-000303.jpg,sunflowers
sunflowers-000304.jpg,sunflowers
sunflowers-000305.jpg,sunflowers
sunflowers-000306.jpg,sunflowers
sunflowers-000307.jpg,sunflowers
sunflowers-000308.jpg,sunflowers
sunflowers-000309.jpg,sunflowers
sunflowers-000310.jpg,sunflowers
sunflowers-000311.jpg,sunflowers
sunflowers-000312.jpg,sunflowers
sunflowers-000313.jpg,sunflowers
sunflowers-000314.jpg,sunflowers
sunflowers-000315.jpg,sunflowers
sunflowers-000316.jpg,sunflowers
sunflowers-000317.jpg,sunflowers
sunflowers-000318.jpg,sunflowers
sunflowers-000319.jpg,sunflowers
sunflowers-000320.jpg,sunflowers
sunflowers-000321.jpg,sunflowers
sunflowers-000322.jpg,sunflowers
sunflowers-000323.jpg,sunflowers
sunflowers-000324.jpg,sunflowers
sunflowers-000325.jpg,sunflowers
sunflowers-000326.jpg,sunflowers
sunflowers-000327.jpg,sunflowers
sunflowers-000328.jpg,sunflowers
sunflowers-000329.jpg,sunflowers
sunflowers-000330.jpg,sunflowers
sunflowers-000331.jpg,sunflowers
sunflowers-000332.jpg,sunflowers
sunflowers-000333.jpg,sunflowers
sunflowers-000334.jpg,sunflowers
sunflowers-000335.jpg,sunflowers
sunflowers-000336.jpg,sunflowers
sunflowers-000337.jpg,sunflowers
sunflowers-000338.jpg,sunflowers
sunflowers-000339.jpg,sunflowers
sunflowers-000340.jpg,sunflowers
sunflowers-000341.jpg,sunflowers
sunflowers-000342.jpg,sunflowers
sunflowers-000343.jpg,sunflowers
sunflowers-000344.jpg,sunflowers
sunflowers-000345.jpg,sunflowers
sunflowers-000346.jpg,sunflowers
sunflowers-000347.jpg,sunflowers
sunflowers-000348.jpg,sunflowers
sunflowers-000349.jpg,sunflowers
sunflowers-000350.jpg,sunflowers
sunflowers-000351.jpg,sunflowers
sunflowers-000352.jpg,sunflowers
sunflowers-000353.jpg,sunflowers
sunflowers-000354.jpg,sunflowers
sunflowers-000355.jpg,sunflowers
sunflowers-000356.jpg,sunflowers
sunflowers-000357.jpg,sunflowers
sunflowers-000358.jpg,sunflowers
sunflowers-000359.jpg,sunflowers
sunflowers-000360.jpg,sunflowers
sunflowers-000361.jpg,sunflowers
sunflowers-000362.jpg,sunflowers
sunflowers-000363.jpg,sunflowers
sunflowers-000364.jpg,sunflowers
sunflowers-000365.jpg,sunflowers
sunflowers-000366.jpg,sunflowers
sunflowers-000367.jpg,sunflowers
sunflowers-000368.jpg,sunflowers
sunflowers-000369.jpg,sunflowers
sunflowers-000370.jpg,sunflowers
sunflowers-000371.jpg,sunflowers
sunflowers-000372.jpg,sunflowers
sunflowers-000373.jpg,sunflowers
sunflowers-000374.jpg,sunflowers
sunflowers-000375.jpg,sunflowers
sunflowers-000376.jpg,sunflowers
sunflowers-000377.jpg,sunflowers
sunflowers-000378.jpg,sunflowers
sunflowers-000379.jpg,sunflowers
sunflowers-000380.jpg,sunflowers
sunflowers-000381.jpg,sunflowers
sunflowers-000382.jpg,sunflowers
sunflowers-000383.jpg,sunflowers
sunflowers-000384.jpg,sunflowers
sunflowers-000385.jpg,sunflowers
sunflowers-000386.jpg,sunflowers
sunflowers-000387.jpg,sunflowers
sunflowers-000388.jpg,sunflowers
sunflowers-000389.jpg,sunflowers
sunflowers-000390.jpg,sunflowers
sunflowers-000391.jpg,sunflowers
sunflowers-000392.jpg,sunflowers
sunflowers-000393.jpg,sunflowers
sunflowers-000394.jpg,sunflowers
sunflowers-000395.jpg,sunflowers
sunflowers-000396.jpg,sunflowers
sunflowers-000397.jpg,sunflowers
sunflowers-000398.jpg,sunflowers
sunflowers-000399.jpg,sunflowers
sunflowers-000400.jpg,sunflowers
sunflowers-000401.jpg,sunflowers
sunflowers-000402.jpg,sunflowers
sunflowers-000403.jpg,sunflowers
sunflowers-000404.jpg,sunflowers
sunflowers-000405.jpg,sunflowers
sunflowers-000406.jpg,sunflowers
sunflowers-000407.jpg,sunflowers
sunflowers-000408.jpg,sunflowers
sunflowers-000409.jpg,sunflowers
sunflowers-000410.jpg,sunflowers
sunflowers-000411.jpg,sunflowers
sunflowers-000412.jpg,sunflowers
sunflowers-000413.jpg,sunflowers
sunflowers-000414.jpg,sunflowers
sunflowers-000415.jpg,sunflowers
sunflowers-000416.jpg,sunflowers
sunflowers-000417.jpg,sunflowers
sunflowers-000418.jpg,sunflowers
sunflowers-000419.jpg,sunflowers
sunflowers-000420.jpg,sunflowers
sunflowers-000421.jpg,sunflowers
sunflowers-000422.jpg,sunflowers
sunflowers-000423.jpg,sunflowers
sunflowers-000424.jpg,sunflowers
sunflowers-000425.jpg,sunflowers
sunflowers-000426.jpg,sunflowers
sunflowers-000427.jpg,sunflowers
sunflowers-000428.jpg,sunflowers
sunflowers-000429.jpg,sunflowers
sunflowers-000430.jpg,sunflowers
sunflowers-000431.jpg,sunflowers
sunflowers-000432.jpg,sunflowers
sunflowers-000433.jpg,sunflowers
sunflowers-000434.jpg,sunflowers
sunflowers-000435.jpg,sunflowers
sunflowers-000436.jpg,sunflowers
sunflowers-000437.jpg,sunflowers
sunflowers-000438.jpg,sunflowers
sunflowers-000439.jpg,sunflowers
sunflowers-000440.jpg,sunflowers
sunflowers-000441.jpg,sunflowers
sunflowers-000442.jpg,sunflowers
sunflowers-000443.jpg,sunflowers
sunflowers-000444.jpg,sunflowers
sunflowers-000445.jpg,sunflowers
sunflowers-000446.jpg,sunflowers
sunflowers-000447.jpg,sunflowers
sunflowers-000448.jpg,sunflowers
sunflowers-000449.jpg,sunflowers
sunflowers-000450.jpg,sunflowers
sunflowers-000451.jpg,sunflowers
sunflowers-000452.jpg,sunflowers
sunflowers-000453.jpg,sunflowers
sunflowers-000454.jpg,sunflowers
sunflowers-000455.jpg,sunflowers
sunflowers-000456.jpg,sunflowers
sunflowers-000457.jpg,sunflowers
sunflowers-000458.jpg,sunflowers
sunflowers-000459.jpg,sunflowers
sunflowers-000460.jpg,sunflowers
sunflowers-000461.jpg,sunflowers
sunflowers-000462.jpg,sunflowers
sunflowers-000463.jpg,sunflowers
sunflowers-000464.jpg,sunflowers
sunflowers-000465.jpg,sunflowers
sunflowers-000466.jpg,sunflowers
sunflowers-000467.jpg,sunflowers
sunflowers-000468.jpg,sunflowers
sunflowers-000469.jpg,sunflowers
sunflowers-000470.jpg,sunflowers
sunflowers-000471.jpg,sunflowers
sunflowers-000472.jpg,sunflowers
sunflowers-000473.jpg,sunflowers
sunflowers-000474.jpg,sunflowers
sunflowers-000475.jpg,sunflowers
sunflowers-000476.jpg,sunflowers
sunflowers-000477.jpg,sunflowers
sunflowers-000478.jpg,sunflowers
sunflowers-000479.jpg,sunflowers
sunflowers-000480.jpg,sunflowers
sunflowers-000481.jpg,sunflowers
sunflowers-000482.jpg,sunflowers
sunflowers-000483.jpg,sunflowers
sunflowers-000484.jpg,sunflowers
sunflowers-000485.jpg,sunflowers
sunflowers-000486.jpg,sunflowers
sunflowers-000487.jpg,sunflowers
sunflowers-000488.jpg,sunflowers
sunflowers-000489.jpg,sunflowers
sunflowers-000490.jpg,sunflowers
sunflowers-000491.jpg,sunflowers
sunflowers-000492.jpg,sunflowers
sunflowers-000493.jpg,sunflowers
sunflowers-000494.jpg,sunflowers
sunflowers-000495.jpg,sunflowers
sunflowers-000496.jpg,sunflowers
sunflowers-000497.jpg,sunflowers
sunflowers-000498.jpg,sunflowers
sunflowers-000499.jpg,sunflowers
sunflowers-000500.jpg,sunflowers
sunflowers-000501.jpg,sunflowers
sunflowers-000502.jpg,sunflowers
sunflowers-000503.jpg,sunflowers
sunflowers-000504.jpg,sunflowers
sunflowers-000505.jpg,sunflowers
sunflowers-000506.jpg,sunflowers
sunflowers-000507.jpg,sunflowers
sunflowers-000508.jpg,sunflowers
sunflowers-000509.jpg,sunflowers
sunflowers-000510.jpg,sunflowers
sunflowers-000511.jpg,sunflowers
sunflowers-000512.jpg,sunflowers
sunflowers-000513.jpg,sunflowers
sunflowers-000514.jpg,sunflowers
sunflowers-000515.jpg,sunflowers
sunflowers-000516.jpg,sunflowers
sunflowers-000517.jpg,sunflowers
sunflowers-000518.jpg,sunflowers
sunflowers-000519.jpg,sunflowers
sunflowers-000520.jpg,sunflowers
sunflowers-000521.jpg,sunflowers
sunflowers-000522.jpg,sunflowers
sunflowers-000523.jpg,sunflowers
sunflowers-000524.jpg,sunflowers
sunflowers-000525.jpg,sunflowers
sunflowers-000526.jpg,sunflowers
sunflowers-000527.jpg,sunflowers
sunflowers-000528.jpg,sunflowers
sunflowers-000529.jpg,sunflowers
sunflowers-000530.jpg,sunflowers
sunflowers-000531.jpg,sunflowers
sunflowers-000532.jpg,sunflowers
sunflowers-000533.jpg,sunflowers
sunflowers-000534.jpg,sunflowers
sunflowers-000535.jpg,sunflowers
sunflowers-000536.jpg,sunflowers
sunflowers-000537.jpg,sunflowers
sunflowers-000538.jpg,sunflowers
sunflowers-000539.jpg,sunflowers
sunflowers-000540.jpg,sunflowers
sunflowers-000541.jpg,sunflowers
sunflowers-000542.jpg,sunflowers
sunflowers-000543.jpg,sunflowers
sunflowers-000544.jpg,sunflowers
sunflowers-000545.jpg,sunflowers
sunflowers-000546.jpg,sunflowers
sunflowers-000547.jpg,sunflowers
sunflowers-000548.jpg,sunflowers
sunflowers-000549.jpg,sunflowers
sunflowers-000550.jpg,sunflowers
sunflowers-000551.jpg,sunflowers
sunflowers-000552.jpg,sunflowers
sunflowers-000553.jpg,sunflowers
sunflowers-000554.jpg,sunflowers
sunflowers-000555.jpg,sunflowers
sunflowers-000556.jpg,sunflowers
sunflowers-000557.jpg,sunflowers
sunflowers-000558.jpg,sunflowers
sunflowers-000559.jpg,sunflowers
sunflowers-000560.jpg,sunflowers
sunflowers-000561.jpg,sunflowers
sunflowers-000562.jpg,sunflowers
sunflowers-000563.jpg,sunflowers
sunflowers-000564.jpg,sunflowers
sunflowers-000565.jpg,sunflowers
sunflowers-000566.jpg,sunflowers
sunflowers-000567.jpg,sunflowers
sunflowers-000568.jpg,sunflowers
sunflowers-000569.jpg,sunflowers
sunflowers-000570.jpg,sunflowers
sunflowers-000571.jpg,sunflowers
sunflowers-000572.jpg,sunflowers
sunflowers-000573.jpg,sunflowers
sunflowers-000574.jpg,sunflowers
sunflowers-000575.jpg,sunflowers
sunflowers-000576.jpg,sunflowers
sunflowers-000577.jpg,sunflowers
sunflowers-000578.jpg,sunflowers
sunflowers-000579.jpg,sunflowers
sunflowers-000580.jpg,sunflowers
sunflowers-000581.jpg,sunflowers
sunflowers-000582.jpg,sunflowers
sunflowers-000583.jpg,sunflowers
sunflowers-000584.jpg,sunflowers
sunflowers-000585.jpg,sunflowers
sunflowers-000586.jpg,sunflowers
sunflowers-000587.jpg,sunflowers
sunflowers-000588.jpg,sunflowers
sunflowers-000589.jpg,sunflowers
sunflowers-000590.jpg,sunflowers
sunflowers-000591.jpg,sunflowers
sunflowers-000592.jpg,sunflowers
sunflowers-000593.jpg,sunflowers
sunflowers-000594.jpg,sunflowers
sunflowers-000595.jpg,sunflowers
sunflowers-000596.jpg,sunflowers
sunflowers-000597.jpg,sunflowers
sunflowers-000598.jpg,sunflowers
sunflowers-000599.jpg,sunflowers
sunflowers-000600.jpg,sunflowers
sunflowers-000601.jpg,sunflowers
sunflowers-000602.jpg,sunflowers
sunflowers-000603.jpg,sunflowers
sunflowers-000604.jpg,sunflowers
sunflowers-000605.jpg,sunflowers
sunflowers-000606.jpg,sunflowers
sunflowers-000607.jpg,sunflowers
sunflowers-000608.jpg,sunflowers
sunflowers-000609.jpg,sunflowers
sunflowers-000610.jpg,sunflowers
sunflowers-000611.jpg,sunflowers
sunflowers-000612.jpg,sunflowers
sunflowers-000613.jpg,sunflowers
sunflowers-000614.jpg,sunflowers
sunflowers-000615.jpg,sunflowers
sunflowers-000616.jpg,sunflowers
sunflowers-000617.jpg,sunflowers
sunflowers-000618.jpg,sunflowers
sunflowers-000619.jpg,sunflowers
sunflowers-000620.jpg,sunflowers
sunflowers-000621.jpg,sunflowers
sunflowers-000622.jpg,sunflowers
sunflowers-000623.jpg,sunflowers
sunflowers-000624.jpg,sunflowers
sunflowers-000625.jpg,sunflowers
sunflowers-000626.jpg,sunflowers
sunflowers-000627.jpg,sunflowers
sunflowers-000628.jpg,sunflowers
sunflowers-000629.jpg,sunflowers
sunflowers-000630.jpg,sunflowers
sunflowers-000631.jpg,sunflowers
sunflowers-000632.jpg,sunflowers
sunflowers-000633.jpg,sunflowers
sunflowers-000634.jpg,sunflowers
sunflowers-000635.jpg,sunflowers
sunflowers-000636.jpg,sunflowers
sunflowers-000637.jpg,sunflowers
sunflowers-000638.jpg,sunflowers
sunflowers-000639.jpg,sunflowers
sunflowers-000640.jpg,sunflowers
sunflowers-000641.jpg,sunflowers
sunflowers-000642.jpg,sunflowers
sunflowers-000643.jpg,sunflowers
sunflowers-000644.jpg,sunflowers
sunflowers-000645.jpg,sunflowers
sunflowers-000646.jpg,sunflowers
sunflowers-000647.jpg,sunflowers
sunflowers-000648.jpg,sunflowers
sunflowers-000649.jpg,sunflowers
sunflowers-000650.jpg,sunflowers
sunflowers-000651.jpg,sunflowers
sunflowers-000652.jpg,sunflowers
sunflowers-000653.jpg,sunflowers
sunflowers-000654.jpg,sunflowers
sunflowers-000655.jpg,sunflowers
sunflowers-000656.jpg,sunflowers
sunflowers-000657.jpg,sunflowers
sunflowers-000658.jpg,sunflowers
sunflowers-000659.jpg,sunflowers
sunflowers-000660.jpg,sunflowers
sunflowers-000661.jpg,sunflowers
sunflowers-000662.jpg,sunflowers
sunflowers-000663.jpg,sunflowers
sunflowers-000664.jpg,sunflowers
sunflowers-000665.jpg,sunflowers
sunflowers-000666.jpg,sunflowers
sunflowers-000667.jpg,sunflowers
sunflowers-000668.jpg,sunflowers
sunflowers-000669.jpg,sunflowers
sunflowers-000670.jpg,sunflowers
sunflowers-000671.jpg,sunflowers
sunflowers-000672.jpg,sunflowers
sunflowers-000673.jpg,sunflowers
tulips-000001.jpg,tulips
tulips-000002.jpg,tulips
tulips-000003.jpg,tulips
tulips-000004.jpg,tulips
tulips-000005.jpg,tulips
tulips-000006.jpg,tulips
tulips-000007.jpg,tulips
tulips-000008.jpg,tulips
tulips-000009.jpg,tulips
tulips-000010.jpg,tulips
tulips-000011.jpg,tulips
tulips-000012.jpg,tulips
tulips-000013.jpg,tulips
tulips-000014.jpg,tulips
tulips-000015.jpg,tulips
tulips-000016.jpg,tulips
tulips-000017.jpg,tulips
tulips-000018.jpg,tulips
tulips-000019.jpg,tulips
tulips-000020.jpg,tulips
tulips-000021.jpg,tulips
tulips-000022.jpg,tulips
tulips-000023.jpg,tulips
tulips-000024.jpg,tulips
tulips-000025.jpg,tulips
tulips-000026.jpg,tulips
tulips-000027.jpg,tulips
tulips-000028.jpg,tulips
tulips-000029.jpg,tulips
tulips-000030.jpg,tulips
tulips-000031.jpg,tulips
tulips-000032.jpg,tulips
tulips-000033.jpg,tulips
tulips-000034.jpg,tulips
tulips-000035.jpg,tulips
tulips-000036.jpg,tulips
tulips-000037.jpg,tulips
tulips-000038.jpg,tulips
tulips-000039.jpg,tulips
tulips-000040.jpg,tulips
tulips-000041.jpg,tulips
tulips-000042.jpg,tulips
tulips-000043.jpg,tulips
tulips-000044.jpg,tulips
tulips-000045.jpg,tulips
tulips-000046.jpg,tulips
tulips-000047.jpg,tulips
tulips-000048.jpg,tulips
tulips-000049.jpg,tulips
tulips-000050.jpg,tulips
tulips-000051.jpg,tulips
tulips-000052.jpg,tulips
tulips-000053.jpg,tulips
tulips-000054.jpg,tulips
tulips-000055.jpg,tulips
tulips-000056.jpg,tulips
tulips-000057.jpg,tulips
tulips-000058.jpg,tulips
tulips-000059.jpg,tulips
tulips-000060.jpg,tulips
tulips-000061.jpg,tulips
tulips-000062.jpg,tulips
tulips-000063.jpg,tulips
tulips-000064.jpg,tulips
tulips-000065.jpg,tulips
tulips-000066.jpg,tulips
tulips-000067.jpg,tulips
tulips-000068.jpg,tulips
tulips-000069.jpg,tulips
tulips-000070.jpg,tulips
tulips-000071.jpg,tulips
tulips-000072.jpg,tulips
tulips-000073.jpg,tulips
tulips-000074.jpg,tulips
tulips-000075.jpg,tulips
tulips-000076.jpg,tulips
tulips-000077.jpg,tulips
tulips-000078.jpg,tulips
tulips-000079.jpg,tulips
tulips-000080.jpg,tulips
tulips-000081.jpg,tulips
tulips-000082.jpg,tulips
tulips-000083.jpg,tulips
tulips-000084.jpg,tulips
tulips-000085.jpg,tulips
tulips-000086.jpg,tulips
tulips-000087.jpg,tulips
tulips-000088.jpg,tulips
tulips-000089.jpg,tulips
tulips-000090.jpg,tulips
tulips-000091.jpg,tulips
tulips-000092.jpg,tulips
tulips-000093.jpg,tulips
tulips-000094.jpg,tulips
tulips-000095.jpg,tulips
tulips-000096.jpg,tulips
tulips-000097.jpg,tulips
tulips-000098.jpg,tulips
tulips-000099.jpg,tulips
tulips-000100.jpg,tulips
tulips-000101.jpg,tulips
tulips-000102.jpg,tulips
tulips-000103.jpg,tulips
tulips-000104.jpg,tulips
tulips-000105.jpg,tulips
tulips-000106.jpg,tulips
tulips-000107.jpg,tulips
tulips-000108.jpg,tulips
tulips-000109.jpg,tulips
tulips-000110.jpg,tulips
tulips-000111.jpg,tulips
tulips-000112.jpg,tulips
tulips-000113.jpg,tulips
tulips-000114.jpg,tulips
tulips-000115.jpg,tulips
tulips-000116.jpg,tulips
tulips-000117.jpg,tulips
tulips-000118.jpg,tulips
tulips-000119.jpg,tulips
tulips-000120.jpg,tulips
tulips-000121.jpg,tulips
tulips-000122.jpg,tulips
tulips-000123.jpg,tulips
tulips-000124.jpg,tulips
tulips-000125.jpg,tulips
tulips-000126.jpg,tulips
tulips-000127.jpg,tulips
tulips-000128.jpg,tulips
tulips-000129.jpg,tulips
tulips-000130.jpg,tulips
tulips-000131.jpg,tulips
tulips-000132.jpg,tulips
tulips-000133.jpg,tulips
tulips-000134.jpg,tulips
tulips-000135.jpg,tulips
tulips-000136.jpg,tulips
tulips-000137.jpg,tulips
tulips-000138.jpg,tulips
tulips-000139.jpg,tulips
tulips-000140.jpg,tulips
tulips-000141.jpg,tulips
tulips-000142.jpg,tulips
tulips-000143.jpg,tulips
tulips-000144.jpg,tulips
tulips-000145.jpg,tulips
tulips-000146.jpg,tulips
tulips-000147.jpg,tulips
tulips-000148.jpg,tulips
tulips-000149.jpg,tulips
tulips-000150.jpg,tulips
tulips-000151.jpg,tulips
tulips-000152.jpg,tulips
tulips-000153.jpg,tulips
tulips-000154.jpg,tulips
tulips-000155.jpg,tulips
tulips-000156.jpg,tulips
tulips-000157.jpg,tulips
tulips-000158.jpg,tulips
tulips-000159.jpg,tulips
tulips-000160.jpg,tulips
tulips-000161.jpg,tulips
tulips-000162.jpg,tulips
tulips-000163.jpg,tulips
tulips-000164.jpg,tulips
tulips-000165.jpg,tulips
tulips-000166.jpg,tulips
tulips-000167.jpg,tulips
tulips-000168.jpg,tulips
tulips-000169.jpg,tulips
tulips-000170.jpg,tulips
tulips-000171.jpg,tulips
tulips-000172.jpg,tulips
tulips-000173.jpg,tulips
tulips-000174.jpg,tulips
tulips-000175.jpg,tulips
tulips-000176.jpg,tulips
tulips-000177.jpg,tulips
tulips-000178.jpg,tulips
tulips-000179.jpg,tulips
tulips-000180.jpg,tulips
tulips-000181.jpg,tulips
tulips-000182.jpg,tulips
tulips-000183.jpg,tulips
tulips-000184.jpg,tulips
tulips-000185.jpg,tulips
tulips-000186.jpg,tulips
tulips-000187.jpg,tulips
tulips-000188.jpg,tulips
tulips-000189.jpg,tulips
tulips-000190.jpg,tulips
tulips-000191.jpg,tulips
tulips-000192.jpg,tulips
tulips-000193.jpg,tulips
tulips-000194.jpg,tulips
tulips-000195.jpg,tulips
tulips-000196.jpg,tulips
tulips-000197.jpg,tulips
tulips-000198.jpg,tulips
tulips-000199.jpg,tulips
tulips-000200.jpg,tulips
tulips-000201.jpg,tulips
tulips-000202.jpg,tulips
tulips-000203.jpg,tulips
tulips-000204.jpg,tulips
tulips-000205.jpg,tulips
tulips-000206.jpg,tulips
tulips-000207.jpg,tulips
tulips-000208.jpg,tulips
tulips-000209.jpg,tulips
tulips-000210.jpg,tulips
tulips-000211.jpg,tulips
tulips-000212.jpg,tulips
tulips-000213.jpg,tulips
tulips-000214.jpg,tulips
tulips-000215.jpg,tulips
tulips-000216.jpg,tulips
tulips-000217.jpg,tulips
tulips-000218.jpg,tulips
tulips-000219.jpg,tulips
tulips-000220.jpg,tulips
tulips-000221.jpg,tulips
tulips-000222.jpg,tulips
tulips-000223.jpg,tulips
tulips-000224.jpg,tulips
tulips-000225.jpg,tulips
tulips-000226.jpg,tulips
tulips-000227.jpg,tulips
tulips-000228.jpg,tulips
tulips-000229.jpg,tulips
tulips-000230.jpg,tulips
tulips-000231.jpg,tulips
tulips-000232.jpg,tulips
tulips-000233.jpg,tulips
tulips-000234.jpg,tulips
tulips-000235.jpg,tulips
tulips-000236.jpg,tulips
tulips-000237.jpg,tulips
tulips-000238.jpg,tulips
tulips-000239.jpg,tulips
tulips-000240.jpg,tulips
tulips-000241.jpg,tulips
tulips-000242.jpg,tulips
tulips-000243.jpg,tulips
tulips-000244.jpg,tulips
tulips-000245.jpg,tulips
tulips-000246.jpg,tulips
tulips-000247.jpg,tulips
tulips-000248.jpg,tulips
tulips-000249.jpg,tulips
tulips-000250.jpg,tulips
tulips-000251.jpg,tulips
tulips-000252.jpg,tulips
tulips-000253.jpg,tulips
tulips-000254.jpg,tulips
tulips-000255.jpg,tulips
tulips-000256.jpg,tulips
tulips-000257.jpg,tulips
tulips-000258.jpg,tulips
tulips-000259.jpg,tulips
tulips-000260.jpg,tulips
tulips-000261.jpg,tulips
tulips-000262.jpg,tulips
tulips-000263.jpg,tulips
tulips-000264.jpg,tulips
tulips-000265.jpg,tulips
tulips-000266.jpg,tulips
tulips-000267.jpg,tulips
tulips-000268.jpg,tulips
tulips-000269.jpg,tulips
tulips-000270.jpg,tulips
tulips-000271.jpg,tulips
tulips-000272.jpg,tulips
tulips-000273.jpg,tulips
tulips-000274.jpg,tulips
tulips-000275.jpg,tulips
tulips-000276.jpg,tulips
tulips-000277.jpg,tulips
tulips-000278.jpg,tulips
tulips-000279.jpg,tulips
tulips-000280.jpg,tulips
tulips-000281.jpg,tulips
tulips-000282.jpg,tulips
tulips-000283.jpg,tulips
tulips-000284.jpg,tulips
tulips-000285.jpg,tulips
tulips-000286.jpg,tulips
tulips-000287.jpg,tulips
tulips-000288.jpg,tulips
tulips-000289.jpg,tulips
tulips-000290.jpg,tulips
tulips-000291.jpg,tulips
tulips-000292.jpg,tulips
tulips-000293.jpg,tulips
tulips-000294.jpg,tulips
tulips-000295.jpg,tulips
tulips-000296.jpg,tulips
tulips-000297.jpg,tulips
tulips-000298.jpg,tulips
tulips-000299.jpg,tulips
tulips-000300.jpg,tulips
tulips-000301.jpg,tulips
tulips-000302.jpg,tulips
tulips-000303.jpg,tulips
tulips-000304.jpg,tulips
tulips-000305.jpg,tulips
tulips-000306.jpg,tulips
tulips-000307.jpg,tulips
tulips-000308.jpg,tulips
tulips-000309.jpg,tulips
tulips-000310.jpg,tulips
tulips-000311.jpg,tulips
tulips-000312.jpg,tulips
tulips-000313.jpg,tulips
tulips-000314.jpg,tulips
tulips-000315.jpg,tulips
tulips-000316.jpg,tulips
tulips-000317.jpg,tulips
tulips-000318.jpg,tulips
tulips-000319.jpg,tulips
tulips-000320.jpg,tulips
tulips-000321.jpg,tulips
tulips-000322.jpg,tulips
tulips-000323.jpg,tulips
tulips-000324.jpg,tulips
tulips-000325.jpg,tulips
tulips-000326.jpg,tulips
tulips-000327.jpg,tulips
tulips-000328.jpg,tulips
tulips-000329.jpg,tulips
tulips-000330.jpg,tulips
tulips-000331.jpg,tulips
tulips-000332.jpg,tulips
tulips-000333.jpg,tulips
tulips-000334.jpg,tulips
tulips-000335.jpg,tulips
tulips-000336.jpg,tulips
tulips-000337.jpg,tulips
tulips-000338.jpg,tulips
tulips-000339.jpg,tulips
tulips-000340.jpg,tulips
tulips-000341.jpg,tulips
tulips-000342.jpg,tulips
tulips-000343.jpg,tulips
tulips-000344.jpg,tulips
tulips-000345.jpg,tulips
tulips-000346.jpg,tulips
tulips-000347.jpg,tulips
tulips-000348.jpg,tulips
tulips-000349.jpg,tulips
tulips-000350.jpg,tulips
tulips-000351.jpg,tulips
tulips-000352.jpg,tulips
tulips-000353.jpg,tulips
tulips-000354.jpg,tulips
tulips-000355.jpg,tulips
tulips-000356.jpg,tulips
tulips-000357.jpg,tulips
tulips-000358.jpg,tulips
tulips-000359.jpg,tulips
tulips-000360.jpg,tulips
tulips-000361.jpg,tulips
tulips-000362.jpg,tulips
tulips-000363.jpg,tulips
tulips-000364.jpg,tulips
tulips-000365.jpg,tulips
tulips-000366.jpg,tulips
tulips-000367.jpg,tulips
tulips-000368.jpg,tulips
tulips-000369.jpg,tulips
tulips-000370.jpg,tulips
tulips-000371.jpg,tulips
tulips-000372.jpg,tulips
tulips-000373.jpg,tulips
tulips-000374.jpg,tulips
tulips-000375.jpg,tulips
tulips-000376.jpg,tulips
tulips-000377.jpg,tulips
tulips-000378.jpg,tulips
tulips-000379.jpg,tulips
tulips-000380.jpg,tulips
tulips-000381.jpg,tulips
tulips-000382.jpg,tulips
tulips-000383.jpg,tulips
tulips-000384.jpg,tulips
tulips-000385.jpg,tulips
tulips-000386.jpg,tulips
tulips-000387.jpg,tulips
tulips-000388.jpg,tulips
tulips-000389.jpg,tulips
tulips-000390.jpg,tulips
tulips-000391.jpg,tulips
tulips-000392.jpg,tulips
tulips-000393.jpg,tulips
tulips-000394.jpg,tulips
tulips-000395.jpg,tulips
tulips-000396.jpg,tulips
tulips-000397.jpg,tulips
tulips-000398.jpg,tulips
tulips-000399.jpg,tulips
tulips-000400.jpg,tulips
tulips-000401.jpg,tulips
tulips-000402.jpg,tulips
tulips-000403.jpg,tulips
tulips-000404.jpg,tulips
tulips-000405.jpg,tulips
tulips-000406.jpg,tulips
tulips-000407.jpg,tulips
tulips-000408.jpg,tulips
tulips-000409.jpg,tulips
tulips-000410.jpg,tulips
tulips-000411.jpg,tulips
tulips-000412.jpg,tulips
tulips-000413.jpg,tulips
tulips-000414.jpg,tulips
tulips-000415.jpg,tulips
tulips-000416.jpg,tulips
tulips-000417.jpg,tulips
tulips-000418.jpg,tulips
tulips-000419.jpg,tulips
tulips-000420.jpg,tulips
tulips-000421.jpg,tulips
tulips-000422.jpg,tulips
tulips-000423.jpg,tulips
tulips-000424.jpg,tulips
tulips-000425.jpg,tulips
tulips-000426.jpg,tulips
tulips-000427.jpg,tulips
tulips-000428.jpg,tulips
tulips-000429.jpg,tulips
tulips-000430.jpg,tulips
tulips-000431.jpg,tulips
tulips-000432.jpg,tulips
tulips-000433.jpg,tulips
tulips-000434.jpg,tulips
tulips-000435.jpg,tulips
tulips-000436.jpg,tulips
tulips-000437.jpg,tulips
tulips-000438.jpg,tulips
tulips-000439.jpg,tulips
tulips-000440.jpg,tulips
tulips-000441.jpg,tulips
tulips-000442.jpg,tulips
tulips-000443.jpg,tulips
tulips-000444.jpg,tulips
tulips-000445.jpg,tulips
tulips-000446.jpg,tulips
tulips-000447.jpg,tulips
tulips-000448.jpg,tulips
tulips-000449.jpg,tulips
tulips-000450.jpg,tulips
tulips-000451.jpg,tulips
tulips-000452.jpg,tulips
tulips-000453.jpg,tulips
tulips-000454.jpg,tulips
tulips-000455.jpg,tulips
tulips-000456.jpg,tulips
tulips-000457.jpg,tulips
tulips-000458.jpg,tulips
tulips-000459.jpg,tulips
tulips-000460.jpg,tulips
tulips-000461.jpg,tulips
tulips-000462.jpg,tulips
tulips-000463.jpg,tulips
tulips-000464.jpg,tulips
tulips-000465.jpg,tulips
tulips-000466.jpg,tulips
tulips-000467.jpg,tulips
tulips-000468.jpg,tulips
tulips-000469.jpg,tulips
tulips-000470.jpg,tulips
tulips-000471.jpg,tulips
tulips-000472.jpg,tulips
tulips-000473.jpg,tulips
tulips-000474.jpg,tulips
tulips-000475.jpg,tulips
tulips-000476.jpg,tulips
tulips-000477.jpg,tulips
tulips-000478.jpg,tulips
tulips-000479.jpg,tulips
tulips-000480.jpg,tulips
tulips-000481.jpg,tulips
tulips-000482.jpg,tulips
tulips-000483.jpg,tulips
tulips-000484.jpg,tulips
tulips-000485.jpg,tulips
tulips-000486.jpg,tulips
tulips-000487.jpg,tulips
tulips-000488.jpg,tulips
tulips-000489.jpg,tulips
tulips-000490.jpg,tulips
tulips-000491.jpg,tulips
tulips-000492.jpg,tulips
tulips-000493.jpg,tulips
tulips-000494.jpg,tulips
tulips-000495.jpg,tulips
tulips-000496.jpg,tulips
tulips-000497.jpg,tulips
tulips-000498.jpg,tulips
tulips-000499.jpg,tulips
tulips-000500.jpg,tulips
tulips-000501.jpg,tulips
tulips-000502.jpg,tulips
tulips-000503.jpg,tulips
tulips-000504.jpg,tulips
tulips-000505.jpg,tulips
tulips-000506.jpg,tulips
tulips-000507.jpg,tulips
tulips-000508.jpg,tulips
tulips-000509.jpg,tulips
tulips-000510.jpg,tulips
tulips-000511.jpg,tulips
tulips-000512.jpg,tulips
tulips-000513.jpg,tulips
tulips-000514.jpg,tulips
tulips-000515.jpg,tulips
tulips-000516.jpg,tulips
tulips-000517.jpg,tulips
tulips-000518.jpg,tulips
tulips-000519.jpg,tulips
tulips-000520.jpg,tulips
tulips-000521.jpg,tulips
tulips-000522.jpg,tulips
tulips-000523.jpg,tulips
tulips-000524.jpg,tulips
tulips-000525.jpg,tulips
tulips-000526.jpg,tulips
tulips-000527.jpg,tulips
tulips-000528.jpg,tulips
tulips-000529.jpg,tulips
tulips-000530.jpg,tulips
tulips-000531.jpg,tulips
tulips-000532.jpg,tulips
tulips-000533.jpg,tulips
tulips-000534.jpg,tulips
tulips-000535.jpg,tulips
tulips-000536.jpg,tulips
tulips-000537.jpg,tulips
tulips-000538.jpg,tulips
tulips-000539.jpg,tulips
tulips-000540.jpg,tulips
tulips-000541.jpg,tulips
tulips-000542.jpg,tulips
tulips-000543.jpg,tulips
tulips-000544.jpg,tulips
tulips-000545.jpg,tulips
tulips-000546.jpg,tulips
tulips-000547.jpg,tulips
tulips-000548.jpg,tulips
tulips-000549.jpg,tulips
tulips-000550.jpg,tulips
tulips-000551.jpg,tulips
tulips-000552.jpg,tulips
tulips-000553.jpg,tulips
tulips-000554.jpg,tulips
tulips-000555.jpg,tulips
tulips-000556.jpg,tulips
tulips-000557.jpg,tulips
tulips-000558.jpg,tulips
tulips-000559.jpg,tulips
tulips-000560.jpg,tulips
tulips-000561.jpg,tulips
tulips-000562.jpg,tulips
tulips-000563.jpg,tulips
tulips-000564.jpg,tulips
tulips-000565.jpg,tulips
tulips-000566.jpg,tulips
tulips-000567.jpg,tulips
tulips-000568.jpg,tulips
tulips-000569.jpg,tulips
tulips-000570.jpg,tulips
tulips-000571.jpg,tulips
tulips-000572.jpg,tulips
tulips-000573.jpg,tulips
tulips-000574.jpg,tulips
tulips-000575.jpg,tulips
tulips-000576.jpg,tulips
tulips-000577.jpg,tulips
tulips-000578.jpg,tulips
tulips-000579.jpg,tulips
tulips-000580.jpg,tulips
tulips-000581.jpg,tulips
tulips-000582.jpg,tulips
tulips-000583.jpg,tulips
tulips-000584.jpg,tulips
tulips-000585.jpg,tulips
tulips-000586.jpg,tulips
tulips-000587.jpg,tulips
tulips-000588.jpg,tulips
tulips-000589.jpg,tulips
tulips-000590.jpg,tulips
tulips-000591.jpg,tulips
tulips-000592.jpg,tulips
tulips-000593.jpg,tulips
tulips-000594.jpg,tulips
tulips-000595.jpg,tulips
tulips-000596.jpg,tulips
tulips-000597.jpg,tulips
tulips-000598.jpg,tulips
tulips-000599.jpg,tulips
tulips-000600.jpg,tulips
tulips-000601.jpg,tulips
tulips-000602.jpg,tulips
tulips-000603.jpg,tulips
tulips-000604.jpg,tulips
tulips-000605.jpg,tulips
tulips-000606.jpg,tulips
tulips-000607.jpg,tulips
tulips-000608.jpg,tulips
tulips-000609.jpg,tulips
tulips-000610.jpg,tulips
tulips-000611.jpg,tulips
tulips-000612.jpg,tulips
tulips-000613.jpg,tulips
tulips-000614.jpg,tulips
tulips-000615.jpg,tulips
tulips-000616.jpg,tulips
tulips-000617.jpg,tulips
tulips-000618.jpg,tulips
tulips-000619.jpg,tulips
tulips-000620.jpg,tulips
tulips-000621.jpg,tulips
tulips-000622.jpg,tulips
tulips-000623.jpg,tulips
tulips-000624.jpg,tulips
tulips-000625.jpg,tulips
tulips-000626.jpg,tulips
tulips-000627.jpg,tulips
tulips-000628.jpg,tulips
tulips-000629.jpg,tulips
tulips-000630.jpg,tulips
tulips-000631.jpg,tulips
tulips-000632.jpg,tulips
tulips-000633.jpg,tulips
tulips-000634.jpg,tulips
tulips-000635.jpg,tulips
tulips-000636.jpg,tulips
tulips-000637.jpg,tulips
tulips-000638.jpg,tulips
tulips-000639.jpg,tulips
tulips-000640.jpg,tulips
tulips-000641.jpg,tulips
tulips-000642.jpg,tulips
tulips-000643.jpg,tulips
tulips-000644.jpg,tulips
tulips-000645.jpg,tulips
tulips-000646.jpg,tulips
tulips-000647.jpg,tulips
tulips-000648.jpg,tulips
tulips-000649.jpg,tulips
tulips-000650.jpg,tulips
tulips-000651.jpg,tulips
tulips-000652.jpg,tulips
tulips-000653.jpg,tulips
tulips-000654.jpg,tulips
tulips-000655.jpg,tulips
tulips-000656.jpg,tulips
tulips-000657.jpg,tulips
tulips-000658.jpg,tulips
tulips-000659.jpg,tulips
tulips-000660.jpg,tulips
tulips-000661.jpg,tulips
tulips-000662.jpg,tulips
tulips-000663.jpg,tulips
tulips-000664.jpg,tulips
tulips-000665.jpg,tulips
tulips-000666.jpg,tulips
tulips-000667.jpg,tulips
tulips-000668.jpg,tulips
tulips-000669.jpg,tulips
tulips-000670.jpg,tulips
tulips-000671.jpg,tulips
tulips-000672.jpg,tulips
tulips-000673.jpg,tulips
tulips-000674.jpg,tulips
tulips-000675.jpg,tulips
tulips-000676.jpg,tulips
tulips-000677.jpg,tulips
tulips-000678.jpg,tulips
tulips-000679.jpg,tulips
tulips-000680.jpg,tulips
tulips-000681.jpg,tulips
tulips-000682.jpg,tulips
tulips-000683.jpg,tulips
tulips-000684.jpg,tulips
tulips-000685.jpg,tulips
tulips-000686.jpg,tulips
tulips-000687.jpg,tulips
tulips-000688.jpg,tulips
tulips-000689.jpg,tulips
tulips-000690.jpg,tulips
tulips-000691.jpg,tulips
tulips-000692.jpg,tulips
tulips-000693.jpg,tulips
tulips-000694.jpg,tulips
tulips-000695.jpg,tulips
tulips-000696.jpg,tulips
tulips-000697.jpg,tulips
tulips-000698.jpg,tulips
tulips-000699.jpg,tulips
tulips-000700.jpg,tulips
tulips-000701.jpg,tulips
tulips-000702.jpg,tulips
tulips-000703.jpg,tulips
tulips-000704.jpg,tulips
tulips-000705.jpg,tulips
tulips-000706.jpg,tulips
tulips-000707.jpg,tulips
tulips-000708.jpg,tulips
tulips-000709.jpg,tulips
tulips-000710.jpg,tulips
tulips-000711.jpg,tulips
tulips-000712.jpg,tulips
tulips-000713.jpg,tulips
tulips-000714.jpg,tulips
tulips-000715.jpg,tulips
tulips-000716.jpg,tulips
tulips-000717.jpg,tulips
tulips-000718.jpg,tulips
tulips-000719.jpg,tulips
tulips-000720.jpg,tulips
tulips-000721.jpg,tulips
tulips-000722.jpg,tulips
tulips-000723.jpg,tulips
tulips-000724.jpg,tulips
tulips-000725.jpg,tulips
tulips-000726.jpg,tulips
tulips-000727.jpg,tulips
tulips-000728.jpg,tulips
tulips-000729.jpg,tulips
tulips-000730.jpg,tulips
tulips-000731.jpg,tulips
tulips-000732.jpg,tulips
tulips-000733.jpg,tulips
tulips-000734.jpg,tulips
tulips-000735.jpg,tulips
tulips-000736.jpg,tulips
tulips-000737.jpg,tulips
tulips-000738.jpg,tulips
tulips-000739.jpg,tulips
tulips-000740.jpg,tulips
tulips-000741.jpg,tulips
tulips-000742.jpg,tulips
tulips-000743.jpg,tulips
tulips-000744.jpg,tulips
tulips-000745.jpg,tulips
tulips-000746.jpg,tulips
tulips-000747.jpg,tulips
tulips-000748.jpg,tulips
tulips-000749.jpg,tulips
tulips-000750.jpg,tulips
tulips-000751.jpg,tulips
tulips-000752.jpg,tulips
tulips-000753.jpg,tulips
tulips-000754.jpg,tulips
tulips-000755.jpg,tulips
tulips-000756.jpg,tulips
tulips-000757.jpg,tulips
tulips-000758.jpg,tulips
tulips-000759.jpg,tulips
tulips-000760.jpg,tulips
tulips-000761.jpg,tulips
tulips-000762.jpg,tulips
tulips-000763.jpg,tulips
tulips-000764.jpg,tulips
tulips-000765.jpg,tulips
tulips-000766.jpg,tulips
tulips-000767.jpg,tulips
tulips-000768.jpg,tulips
tulips-000769.jpg,tulips
tulips-000770.jpg,tulips
tulips-000771.jpg,tulips
tulips-000772.jpg,tulips
tulips-000773.jpg,tulips
